metadata_id,file_list,flags,temporal_coordinates,spatial_coordinates,metadata
1_RXp9R3ua,"[""ID01.mp4""]",0,[4.036],"[2,333,198,22.5,45]","{""1"":""4"",""2"":""2""}"
1_a4PYE6Yv,"[""ID01.mp4""]",0,[4.639],"[2,333,196.896,29.25,60.75]","{""1"":""4"",""2"":""2""}"
1_sQ4jwu2i,"[""ID01.mp4""]",0,[5.27],"[2,348.75,198,36,83.25]","{""1"":""4"",""2"":""2""}"
1_0jPI6t8G,"[""ID01.mp4""]",0,"[3.677,5.646]",[],"{""1"":""4""}"
1_llAMy544,"[""ID01.mp4""]",0,[13.265],"[2,378,166.5,24.75,18]","{""1"":""5"",""2"":""0""}"
1_jjMUXpRm,"[""ID01.mp4""]",0,[14.181],"[2,364.5,164.25,40.5,33.75]","{""1"":""5"",""2"":""0""}"
1_ReFsnHT5,"[""ID01.mp4""]",0,[14.984],"[2,388.712,170.834,75.092,52.233]","{""1"":""5"",""2"":""0""}"
1_t89pt4Vw,"[""ID01.mp4""]",0,"[12.802,15.583]",[],"{""1"":""5""}"
1_nzxJjnaJ,"[""ID01.mp4""]",0,[25.012],"[2,184.5,191.25,45,65.25]","{""1"":""2"",""2"":""1""}"
1_DPaPFX0n,"[""ID01.mp4""]",0,[26.07],"[2,236.25,207,36,49.5]","{""1"":""2"",""2"":""1""}"
1_5igLgg3T,"[""ID01.mp4""]",0,[27.002],"[2,256.5,209.25,47.25,42.75]","{""1"":""2"",""2"":""1""}"
1_lsVq8XMg,"[""ID01.mp4""]",0,"[24.646,27.458]",[],"{""1"":""2""}"
1_1qsSjsKJ,"[""ID01.mp4""]",0,[37.764],"[2,348.75,204.75,47.25,42.75]","{""1"":""0"",""2"":""0""}"
1_qMaq2gRC,"[""ID01.mp4""]",0,[39.19],"[2,353.25,202.5,65.25,45]","{""1"":""0"",""2"":""0""}"
1_VhXizk1q,"[""ID01.mp4""]",0,[41.779],"[2,438.75,193.5,78.75,54]","{""1"":""0"",""2"":""0""}"
1_MPqaXLS4,"[""ID01.mp4""]",0,"[37.271,42.16]",[],"{""1"":""0""}"
1_FJEqZoi1,"[""ID01.mp4""]",0,[52.972],"[2,353.25,193.5,58.5,49.5]","{""1"":""2"",""2"":""1""}"
1_7Aq0zjrq,"[""ID01.mp4""]",0,[52.972],"[2,391.5,198,0,2.25]","{""1"":""2""}"
1_Mmos0zeW,"[""ID01.mp4""]",0,[52.972],"[2,405,243,2.25,0]","{""1"":""2""}"
1_iiLczzvu,"[""ID01.mp4""]",0,[53.493],"[2,382.5,191.25,92.25,78.75]","{""1"":""2"",""2"":""1""}"
1_9b633BRA,"[""ID01.mp4""]",0,[53.785],"[2,418.5,159.75,137.25,132.75]","{""1"":""2"",""2"":""1""}"
1_EMWv0lke,"[""ID01.mp4""]",0,"[52.521,54.583]",[],"{""1"":""2""}"
1_JvzvuJ0s,"[""ID01.mp4""]",0,"[47.972,56.514]",[],"{""3"":""1""}"
1_xMgwQt5w,"[""ID01.mp4""]",0,"[57.708,60.615]",[],"{""1"":""3""}"
1_JZA93g8d,"[""ID01.mp4""]",0,[58.318],"[2,68.108,103.784,233.514,171.892]","{""1"":""3"",""2"":""0""}"
1_AEGpADbI,"[""ID01.mp4""]",0,[59.176],"[2,256.216,126.486,110.27,103.784]","{""1"":""3"",""2"":""0""}"
1_BNYNlw5F,"[""ID01.mp4""]",0,[59.176],"[2,252.973,223.784,3.243,0]","{""1"":""3""}"
1_rtmDyp2v,"[""ID01.mp4""]",0,[59.91],"[2,288.649,152.432,87.567,68.108]","{""1"":""3"",""2"":""0""}"
1_sA9VnYBz,"[""ID01.mp4""]",0,"[75.49,77.681]",[],"{""1"":""0""}"
1_2WLX6yGS,"[""ID01.mp4""]",0,[75.806],"[2,321.081,184.865,84.324,77.838]","{""1"":""0"",""2"":""0""}"
1_CtcbZx36,"[""ID01.mp4""]",0,[76.87],"[2,249.73,184.865,120,100.54]","{""1"":""0"",""2"":""0""}"
1_Yfk95wP8,"[""ID01.mp4""]",0,[77.285],"[2,259.459,175.135,158.919,132.973]","{""1"":""0"",""2"":""0""}"
1_RYXueKXX,"[""ID01.mp4""]",0,"[83.271,84.927]",[],"{""1"":""3""}"
1_4Ww9SONl,"[""ID01.mp4""]",0,[83.639],"[2,168.649,168.649,152.432,97.297]","{""1"":""3"",""2"":""0""}"
1_rtk9kDRL,"[""ID01.mp4""]",0,[83.972],"[2,252.973,162.162,113.513,84.324]","{""1"":""3"",""2"":""0""}"
1_XkMeTboP,"[""ID01.mp4""]",0,[84.347],"[2,314.595,165.405,71.351,58.379]","{""1"":""3"",""2"":""0""}"
1_FvThXhCB,"[""ID01.mp4""]",0,"[96.708,100.271]",[],"{""1"":""0""}"
1_cF70X1uQ,"[""ID01.mp4""]",0,[97.102],"[2,243.244,175.135,48.648,81.081]","{""1"":""0"",""2"":""1""}"
1_6XMDVLIn,"[""ID01.mp4""]",0,[97.91],"[2,178.378,136.216,100.541,181.622]","{""1"":""0"",""2"":""1""}"
1_RU7KkIhg,"[""ID01.mp4""]",0,[99.695],"[2,210.811,165.405,126.486,171.892]","{""1"":""0"",""2"":""1""}"
1_UP6CTScW,"[""ID01.mp4""]",0,[145.743],"[2,149.189,175.135,48.649,55.135]","{""1"":""2"",""2"":""1""}"
1_esTaKbmI,"[""ID01.mp4""]",0,"[145.146,149.41]",[],"{""1"":""2""}"
1_RHbJleXp,"[""ID01.mp4""]",0,[147.299],"[2,194.595,188.108,64.864,55.135]","{""1"":""2"",""2"":""1""}"
1_krdK1DeA,"[""ID01.mp4""]",0,[148.657],"[2,110.27,178.378,81.081,94.054]","{""1"":""2"",""2"":""1""}"
1_cjJeJI15,"[""ID01.mp4""]",0,[174.645],"[2,311.351,171.892,71.352,61.622]","{""1"":""5"",""2"":""0""}"
1_h9JnLh5k,"[""ID01.mp4""]",0,"[174.302,176.333]",[],"{""1"":""5""}"
1_qUYmXq7y,"[""ID01.mp4""]",0,[175.167],"[2,311.351,158.919,103.784,103.784]","{""1"":""5"",""2"":""0""}"
1_gTv7DZRu,"[""ID01.mp4""]",0,[175.909],"[2,301.622,175.135,214.054,152.433]","{""1"":""5"",""2"":""0""}"
1_yanCRp9N,"[""ID01.mp4""]",0,"[184.927,187.646]",[],"{""1"":""5""}"
1_HT19F8T8,"[""ID01.mp4""]",0,[185.327],"[2,366.486,139.459,103.784,90.811]","{""1"":""5"",""2"":""0""}"
1_yrbCWZZU,"[""ID01.mp4""]",0,[186.702],"[2,398.919,152.432,139.459,81.082]","{""1"":""5"",""2"":""0""}"
1_inPFgcr3,"[""ID01.mp4""]",0,[187.306],"[2,398.919,158.919,168.649,87.567]","{""1"":""5"",""2"":""0""}"
1_X8BLtMr0,"[""ID01.mp4""]",0,[223.317],"[2,256.216,194.595,38.919,42.162]","{""1"":""5"",""2"":""0""}"
1_gXcx1OGX,"[""ID01.mp4""]",0,[223.951],"[2,217.297,191.351,55.135,58.379]","{""1"":""5"",""2"":""0""}"
1_Iq48op2i,"[""ID01.mp4""]",0,[224.414],"[2,103.784,188.108,110.27,81.081]","{""1"":""5"",""2"":""0""}"
1_kYHBRsJE,"[""ID01.mp4""]",0,"[222.771,225.021]",[],"{""1"":""5""}"
1_ZyjtVj4Z,"[""ID01.mp4""]",0,[232.939],"[2,411.892,142.703,194.594,142.702]","{""1"":""3"",""2"":""0""}"
1_viyhdglH,"[""ID01.mp4""]",0,[234.055],"[2,347.027,158.919,116.757,100.54]","{""1"":""3"",""2"":""0""}"
1_Nmu4TcEO,"[""ID01.mp4""]",0,[235.903],"[2,282.162,171.892,77.838,51.892]","{""1"":""3"",""2"":""0""}"
1_X5r4ojDV,"[""ID01.mp4""]",0,"[232.458,236.521]",[],"{""1"":""3""}"
1_XxbBEV3n,"[""ID01.mp4""]",0,[281.285],"[2,210.811,116.757,74.594,71.351]","{""1"":""2"",""2"":""0""}"
1_lFQ7CvXl,"[""ID01.mp4""]",0,[281.993],"[2,94.054,123.243,120,90.811]","{""1"":""2"",""2"":""0""}"
1_WxXyuHlE,"[""ID01.mp4""]",0,[282.16],"[2,42.162,116.757,162.162,129.729]","{""1"":""2"",""2"":""0""}"
1_3WfNm5cX,"[""ID01.mp4""]",0,"[281.021,282.74]",[],"{""1"":""2""}"
1_pMJ9kfXm,"[""ID01.mp4""]",0,"[292.177,297.097]",[],"{""1"":""0""}"
1_c3FHyfcP,"[""ID01.mp4""]",0,[292.564],"[2,-3.243,152.432,194.594,155.676]","{""1"":""0"",""2"":""0""}"
1_8iyHfvGr,"[""ID01.mp4""]",0,[294.513],"[2,87.568,197.838,152.432,100.54]","{""1"":""0"",""2"":""0""}"
1_iTILeSX4,"[""ID01.mp4""]",0,[296.201],"[2,152.432,201.081,107.027,81.081]","{""1"":""0"",""2"":""0""}"
1_rL8ugd77,"[""ID01.mp4""]",0,[319.677],"[2,68.108,162.162,116.757,168.649]","{""1"":""2"",""2"":""1""}"
1_XKyTwNmo,"[""ID01.mp4""]",0,[320.076],"[2,165.405,175.135,74.595,132.973]","{""1"":""2"",""2"":""1""}"
1_lJYNCmGU,"[""ID01.mp4""]",0,[320.431],"[2,207.568,175.135,61.621,97.297]","{""1"":""2"",""2"":""1""}"
1_3XRXWZOZ,"[""ID01.mp4""]",0,"[319.306,320.889]",[],"{""1"":""2""}"
1_UDXsbt0F,"[""ID01.mp4""]",0,[327.764],"[2,207.568,194.595,94.054,81.081]","{""1"":""0"",""2"":""0""}"
1_78q8Dsw7,"[""ID01.mp4""]",0,"[327.521,329.208]",[],"{""1"":""0""}"
1_jmDqhMzD,"[""ID01.mp4""]",0,[328.431],"[2,94.054,175.135,207.568,123.243]","{""1"":""0"",""2"":""0""}"
1_xqM4DcaK,"[""ID01.mp4""]",0,[328.701],"[2,55.135,158.919,246.487,168.649]","{""1"":""0"",""2"":""0""}"
1_rRrnX5KM,"[""ID01.mp4""]",0,"[343.306,344.868]",[],"{""1"":""2""}"
1_pPQUl2IZ,"[""ID01.mp4""]",0,[343.66],"[2,240,142.703,29.189,55.135]","{""1"":""2"",""2"":""2""}"
1_BhJHs5sX,"[""ID01.mp4""]",0,[343.66],"[2,301.622,145.946,35.675,51.892]","{""1"":""2"",""2"":""2""}"
1_SrwSgF5e,"[""ID01.mp4""]",0,[344.014],"[2,162.162,149.189,45.406,61.622]","{""1"":""2"",""2"":""2""}"
1_b5VLmblK,"[""ID01.mp4""]",0,[344.014],"[2,265.946,142.703,48.649,68.108]","{""1"":""2"",""2"":""2""}"
1_LywjsooY,"[""ID01.mp4""]",0,[344.306],"[2,100.541,149.189,35.675,71.352]","{""1"":""2"",""2"":""2""}"
1_yHZepeZA,"[""ID01.mp4""]",0,[344.306],"[2,223.784,158.919,48.648,74.595]","{""1"":""2"",""2"":""2""}"
1_MTgmx40L,"[""ID01.mp4""]",0,[356.097],"[2,288,164.25,45,33.75]","{""1"":""5"",""2"":""0""}"
1_vzGDzExg,"[""ID01.mp4""]",0,"[355.677,358.396]",[],"{""1"":""5""}"
1_oLOzaYeW,"[""ID01.mp4""]",0,[357.37],"[2,222.75,159.75,67.5,58.5]","{""1"":""5"",""2"":""0""}"
1_Alptlv4O,"[""ID01.mp4""]",0,[357.931],"[2,137.25,153,112.5,83.25]","{""1"":""5"",""2"":""0""}"
1_p2XEfdrR,"[""ID01.mp4""]",0,"[360.99,365.521]",[],"{""1"":""2""}"
1_TngwpRXs,"[""ID01.mp4""]",0,[361.639],"[2,379.459,149.189,29.19,77.838]","{""1"":""2"",""2"":""2""}"
1_TYoQfjLU,"[""ID01.mp4""]",0,[362.556],"[2,366.486,142.703,29.19,94.054]","{""1"":""2"",""2"":""2""}"
1_WZAuVbhX,"[""ID01.mp4""]",0,[364.972],"[2,136.216,123.243,58.379,120]","{""1"":""2"",""2"":""2""}"
1_3EAxP6Ru,"[""ID01.mp4""]",0,[401.931],"[2,334.054,207.568,51.892,51.891]","{""1"":""2"",""2"":""0""}"
1_skooHeod,"[""ID01.mp4""]",0,"[401.427,403.958]",[],"{""1"":""2""}"
1_WivtQXg1,"[""ID01.mp4""]",0,[402.694],"[2,295.135,204.324,103.784,74.595]","{""1"":""2"",""2"":""0""}"
1_jVY6ITRM,"[""ID01.mp4""]",0,[403.323],"[2,188.108,210.811,207.568,84.324]","{""1"":""2"",""2"":""0""}"
1_ykKK0Wnb,"[""ID01.mp4""]",0,"[420.552,423.49]",[],"{""1"":""0""}"
1_r23zLbsL,"[""ID01.mp4""]",0,[420.977],"[2,113.514,129.73,126.486,136.216]","{""1"":""0"",""2"":""1""}"
1_AXtewt5w,"[""ID01.mp4""]",0,[421.368],"[2,181.622,139.459,71.351,113.514]","{""1"":""0"",""2"":""1""}"
1_ygyB51X8,"[""ID01.mp4""]",0,[423.076],"[2,184.865,155.676,58.378,55.135]","{""1"":""0"",""2"":""1""}"
1_AHAOHQiZ,"[""ID01.mp4""]",0,[450.462],"[2,22.703,233.514,155.675,107.027]","{""1"":""3"",""2"":""0""}"
1_6heQ0bWI,"[""ID01.mp4""]",0,[451.056],"[2,139.459,230.27,129.73,84.325]","{""1"":""3"",""2"":""0""}"
1_wfSXb6on,"[""ID01.mp4""]",0,"[449.708,452.368]",[],"{""1"":""3""}"
1_I9QeYLGa,"[""ID01.mp4""]",0,[451.361],"[2,188.108,227.027,90.811,81.081]","{""1"":""3"",""2"":""0""}"
1_x3VTQqNa,"[""ID01.mp4""]",0,"[463.427,465.74]",[],"{""1"":""5""}"
1_m4wZPVCe,"[""ID01.mp4""]",0,[463.847],"[2,363.243,181.622,58.379,74.594]","{""1"":""5"",""2"":""0""}"
1_oBX9gVAM,"[""ID01.mp4""]",0,[464.874],"[2,385.946,194.595,126.486,94.054]","{""1"":""5"",""2"":""0""}"
1_E6htAiwr,"[""ID01.mp4""]",0,[465.255],"[2,392.432,184.865,162.163,113.513]","{""1"":""5"",""2"":""0""}"
1_NlkCYZoS,"[""ID01.mp4""]",0,"[58.181,59.181]",[],"{""3"":""""}"
1_VOGS74SE,"[""ID01.mp4""]",0,"[56.556,81.681]",[],"{""3"":""0""}"
1_dsBIOWZJ,"[""ID01.mp4""]",0,"[81.785,92.493]",[],"{""3"":""1""}"
1_kJoNU0sp,"[""ID01.mp4""]",0,"[92.556,141.764]",[],"{""3"":""0""}"
1_tvhdYHCQ,"[""ID01.mp4""]",0,"[141.868,150.91]",[],"{""3"":""1""}"
1_54YZPBz9,"[""ID01.mp4""]",0,"[174.389,176.097]",[],"{""3"":""0""}"
1_w0fRwz8d,"[""ID01.mp4""]",0,"[182.951,203.535]",[],"{""3"":""1""}"
1_zXGnqx6G,"[""ID01.mp4""]",0,"[286.639,431.993]",[],"{""3"":""0""}"
1_Mr8wjabd,"[""ID01.mp4""]",0,"[456.139,469.431]",[],"{""3"":""0""}"
1_8eLBxVUr,"[""ID01.mp4""]",0,"[0.097,47.91]",[],"{""3"":""0""}"
1_k3oAFvDN,"[""ID01.mp4""]",0,"[150.91,182.889]",[],"{""3"":""0""}"
1_bxaSSRM6,"[""ID01.mp4""]",0,"[203.618,270.701]",[],"{""3"":""0""}"
1_GMV8tHFE,"[""ID01.mp4""]",0,"[270.701,286.535]",[],"{""3"":""1""}"
1_HixkcDnv,"[""ID01.mp4""]",0,"[431.993,456.076]",[],"{""3"":""1""}"
1_nzsHFyQx,"[""ID02.mp4""]",0,[4.972],"[2,265.5,184.5,47.25,36]","{""1"":""0"",""2"":""0""}"
1_1TzMYE7l,"[""ID02.mp4""]",0,"[4.701,6.514]",[],"{""1"":""0""}"
1_CtrOqXu6,"[""ID02.mp4""]",0,[5.451],"[2,270,182.25,72,45]","{""1"":""0"",""2"":""0""}"
1_l3gJ6dDG,"[""ID02.mp4""]",0,[6.222],"[2,303.75,180,119.25,69.75]","{""1"":""0"",""2"":""0""}"
1_CQvXqSBh,"[""ID02.mp4""]",0,[27.993],"[2,292.5,168.75,24.75,40.5]","{""1"":""4"",""2"":""2""}"
1_pBDDXbz5,"[""ID02.mp4""]",0,"[27.618,29.785]",[],"{""1"":""4""}"
1_dm3r9EUY,"[""ID02.mp4""]",0,[29.001],"[2,351,168.75,40.5,51.75]","{""1"":""4"",""2"":""2""}"
1_xN4Qozu2,"[""ID02.mp4""]",0,[29.426],"[2,434.25,166.5,81,114.75]","{""1"":""4"",""2"":""2""}"
1_Kc4Wm98F,"[""ID02.mp4""]",0,[38.451],"[2,328.5,182.25,27,29.25]","{""1"":""5"",""2"":""0""}"
1_67o9aYYg,"[""ID02.mp4""]",0,"[38.035,39.806]",[],"{""1"":""5""}"
1_9qq3aEIr,"[""ID02.mp4""]",0,[39.008],"[2,351,171,42.75,51.75]","{""1"":""5"",""2"":""0""}"
1_OXiPUmTe,"[""ID02.mp4""]",0,[39.306],"[2,366.75,171,72,65.25]","{""1"":""5"",""2"":""0""}"
1_MBbF7vwZ,"[""ID02.mp4""]",0,[45.817],"[2,36,162,146.25,175.5]","{""1"":""0"",""2"":""1""}"
1_lZQsQw0Q,"[""ID02.mp4""]",0,"[45.493,47.91]",[],"{""1"":""0""}"
1_5h6Lyobu,"[""ID02.mp4""]",0,[46.41],"[2,108,146.25,153,202.5]","{""1"":""0"",""2"":""2""}"
1_4fXXTK0E,"[""ID02.mp4""]",0,[47.524],"[2,317.25,177.75,110.25,173.25]","{""1"":""0"",""2"":""1""}"
1_CTDMmsdl,"[""ID02.mp4""]",0,[58.16],"[2,315,222.75,198,96.75]","{""1"":""0"",""2"":""0""}"
1_rukt6nFU,"[""ID02.mp4""]",0,"[57.743,61.368]",[],"{""1"":""0""}"
1_KrWFAyXC,"[""ID02.mp4""]",0,[58.535],"[2,274.5,202.5,105.75,83.25]","{""1"":""0"",""2"":""0""}"
1_kVRkyFfX,"[""ID02.mp4""]",0,[60.597],"[2,303.75,213.75,47.25,38.25]","{""1"":""0"",""2"":""0""}"
1_AT3MYN5P,"[""ID02.mp4""]",0,[102.862],"[2,6.75,200.25,60.75,96.75]","{""1"":""2"",""2"":""2""}"
1_g6QqbB8w,"[""ID02.mp4""]",0,"[102.368,105.222]",[],"{""1"":""2""}"
1_EQXLPEHF,"[""ID02.mp4""]",0,[104.075],"[2,123.75,204.75,54,139.5]","{""1"":""2"",""2"":""2""}"
1_dWig455N,"[""ID02.mp4""]",0,[104.695],"[2,177.75,191.25,60.75,148.5]","{""1"":""2"",""2"":""2""}"
1_xWUqNm8Z,"[""ID02.mp4""]",0,"[119.993,122.243]",[],"{""1"":""0""}"
1_kSgxxcv9,"[""ID02.mp4""]",0,[120.285],"[2,238.5,229.5,99,90]","{""1"":""0"",""2"":""0""}"
1_210QvpU1,"[""ID02.mp4""]",0,[121.035],"[2,252,236.25,99,94.5]","{""1"":""0"",""2"":""0""}"
1_fTFu6ni0,"[""ID02.mp4""]",0,[121.826],"[2,310.5,240.75,90,81]","{""1"":""0"",""2"":""0""}"
1_xtVPBnmC,"[""ID02.mp4""]",0,"[133.514,134.972]",[],"{""1"":""2""}"
1_BbzK2LlB,"[""ID02.mp4""]",0,[133.743],"[2,85.5,211.5,36,67.5]","{""1"":""2"",""2"":""1""}"
1_ecqd7XN0,"[""ID02.mp4""]",0,[134.222],"[2,54,211.5,45,96.75]","{""1"":""2"",""2"":""1""}"
1_FkiPTJmd,"[""ID02.mp4""]",0,[134.633],"[2,51.75,211.5,101.25,123.75]","{""1"":""2""}"
1_XjlwchX4,"[""ID02.mp4""]",0,"[142.243,145.483]",[],"{""1"":""2""}"
1_sbLMlV8I,"[""ID02.mp4""]",0,[142.766],"[2,36,168.75,105.75,110.25]","{""1"":""2"",""2"":""1""}"
1_R0deGmkf,"[""ID02.mp4""]",0,[143.933],"[2,193.5,166.5,74.25,128.25]","{""1"":""2"",""2"":""1""}"
1_jsI2h6sT,"[""ID02.mp4""]",0,[144.733],"[2,292.5,191.25,51.75,85.5]","{""1"":""2"",""2"":""1""}"
1_pN3cWWIZ,"[""ID02.mp4""]",0,"[160.014,162.681]",[],"{""1"":""5""}"
1_QxVQIgR4,"[""ID02.mp4""]",0,[160.433],"[2,213.75,191.25,33.75,38.25]","{""1"":""5"",""2"":""0""}"
1_AxJ7YEHk,"[""ID02.mp4""]",0,[161.633],"[2,168.75,191.25,74.25,63]","{""1"":""5"",""2"":""0""}"
1_tOzFd2al,"[""ID02.mp4""]",0,[162.083],"[2,81,191.25,128.25,112.5]","{""1"":""5"",""2"":""0""}"
1_Urex9xnE,"[""ID02.mp4""]",0,[202.283],"[2,252,159.75,65.25,58.5]","{""1"":""5"",""2"":""0""}"
1_QkAMZ5yy,"[""ID02.mp4""]",0,[202.683],"[2,274.5,137.25,96.75,85.5]","{""1"":""5"",""2"":""0""}"
1_2KUX3BeB,"[""ID02.mp4""]",0,[203.033],"[2,315,92.25,162,146.25]","{""1"":""5"",""2"":""0""}"
1_GyGD740N,"[""ID02.mp4""]",0,"[201.618,204.238]",[],"{""1"":""5""}"
1_61ahGBSV,"[""ID02.mp4""]",0,[210.383],"[2,400.5,189,105.75,69.75]","{""1"":""2"",""2"":""0""}"
1_8rhEPRXX,"[""ID02.mp4""]",0,"[209.701,214.785]",[],"{""1"":""2""}"
1_17EvM6Tv,"[""ID02.mp4""]",0,[213.214],"[2,342,198,69.75,47.25]","{""1"":""2"",""2"":""0""}"
1_ZFj3bB84,"[""ID02.mp4""]",0,[214.283],"[2,400.5,195.75,51.75,38.25]","{""1"":""2"",""2"":""0""}"
1_oAQD7tOf,"[""ID02.mp4""]",0,[221.883],"[2,40.5,137.25,90,173.25]","{""1"":""2"",""2"":""1""}"
1_YPNGsZFb,"[""ID02.mp4""]",0,"[221.347,225.321]",[],"{""1"":""2""}"
1_s4EfGF7L,"[""ID02.mp4""]",0,[222.183],"[2,101.25,150.75,69.75,114.75]","{""1"":""2"",""2"":""1""}"
1_NUojpTwH,"[""ID02.mp4""]",0,[223.954],"[2,123.75,193.5,69.75,47.25]","{""1"":""2"",""2"":""1""}"
1_X5acVxlb,"[""ID02.mp4""]",0,"[247.118,251.035]",[],"{""1"":""5""}"
1_qwlqI6K7,"[""ID02.mp4""]",0,[247.683],"[2,209.25,157.5,63,51.75]","{""1"":""5"",""2"":""0""}"
1_MU2Sy1Al,"[""ID02.mp4""]",0,[249.132],"[2,229.5,155.25,83.25,65.25]","{""1"":""5"",""2"":""0""}"
1_XRWolawu,"[""ID02.mp4""]",0,[250.176],"[2,267.75,146.25,128.25,94.5]","{""1"":""5"",""2"":""0""}"
1_9kO1nNq4,"[""ID02.mp4""]",0,"[264.201,267.785]",[],"{""1"":""0""}"
1_k57UexBg,"[""ID02.mp4""]",0,[264.783],"[2,384.75,141.75,36,83.25]","{""1"":""0"",""2"":""1""}"
1_XkN4vHPE,"[""ID02.mp4""]",0,[265.608],"[2,362.25,155.25,40.5,76.5]","{""1"":""0"",""2"":""1""}"
1_btpY4aaj,"[""ID02.mp4""]",0,[266.483],"[2,366.75,159.75,36,69.75]","{""1"":""0"",""2"":""1""}"
1_VX6y0kuB,"[""ID02.mp4""]",0,"[284.847,287.597]",[],"{""1"":""2""}"
1_WvAXDWRA,"[""ID02.mp4""]",0,[285.333],"[2,252,238.5,24.75,49.5]","{""1"":""2"",""2"":""2""}"
1_zlIwqFx9,"[""ID02.mp4""]",0,[286.133],"[2,252,243,24.75,54]","{""1"":""2"",""2"":""2""}"
1_AlnghdnW,"[""ID02.mp4""]",0,[287.133],"[2,216,231.75,24.75,83.25]","{""1"":""2"",""2"":""2""}"
1_g2SBOKgp,"[""ID02.mp4""]",0,[327.083],"[2,310.5,155.25,45,31.5]","{""1"":""2"",""2"":""0""}"
1_Z1xMfopr,"[""ID02.mp4""]",0,"[326.66,329.181]",[],"{""1"":""2""}"
1_yOw6dPQg,"[""ID02.mp4""]",0,[328.183],"[2,281.25,146.25,94.5,49.5]","{""1"":""2"",""2"":""0""}"
1_sc4afTEM,"[""ID02.mp4""]",0,[328.833],"[2,333,148.5,184.5,92.25]","{""1"":""2"",""2"":""0""}"
1_0sFPfxZT,"[""ID02.mp4""]",0,"[357.264,359.233]",[],"{""1"":""2""}"
1_bCmZwnrZ,"[""ID02.mp4""]",0,[357.833],"[2,508.5,191.25,51.75,78.75]","{""1"":""2"",""2"":""1""}"
1_6dT1SGUB,"[""ID02.mp4""]",0,[358.133],"[2,519.75,193.5,83.25,87.75]","{""1"":""2"",""2"":""1""}"
1_jYhnMhFL,"[""ID02.mp4""]",0,[358.383],"[2,526.5,184.5,105.75,108]","{""1"":""2"",""2"":""1""}"
1_TcNurShG,"[""ID02.mp4""]",0,[401.933],"[2,357.75,256.5,24.75,31.5]","{""1"":""5"",""2"":""1""}"
1_ZoX0Nxza,"[""ID02.mp4""]",0,[402.433],"[2,387,258.75,31.5,31.5]","{""1"":""5"",""2"":""1""}"
1_OKikLpUo,"[""ID02.mp4""]",0,[402.883],"[2,490.5,243,60.75,78.75]","{""1"":""5"",""2"":""1""}"
1_MgWCCXKr,"[""ID02.mp4""]",0,"[401.493,403.368]",[],"{""1"":""5""}"
1_Q8A3EXzI,"[""ID02.mp4""]",0,"[434.931,437.983]",[],"{""1"":""0""}"
1_cRjb25on,"[""ID02.mp4""]",0,[435.333],"[2,225,184.5,29.25,45]","{""1"":""0"",""2"":""1""}"
1_qSidyK8V,"[""ID02.mp4""]",0,[436.633],"[2,243,189,24.75,33.75]","{""1"":""0"",""2"":""1""}"
1_G7eOXqsX,"[""ID02.mp4""]",0,[437.483],"[2,240.75,191.25,24.75,31.5]","{""1"":""0"",""2"":""1""}"
1_RFVbpDfp,"[""ID02.mp4""]",0,[514.533],"[2,535.5,240.75,54,69.75]","{""1"":""6"",""2"":""1""}"
1_lCoN3Bn7,"[""ID02.mp4""]",0,"[514.035,517.583]",[],"{""1"":""6""}"
1_DBOSm6nT,"[""ID02.mp4""]",0,[515.283],"[2,472.5,227.25,72,81]","{""1"":""6"",""2"":""1""}"
1_FwXKe0zN,"[""ID02.mp4""]",0,[516.683],"[2,324,180,85.5,108]","{""1"":""6"",""2"":""1""}"
1_0NlolQi5,"[""ID02.mp4""]",0,"[0.014,13.222]",[],"{""3"":""0""}"
1_bmfnT42X,"[""ID02.mp4""]",0,"[31.118,41.201]",[],"{""3"":""0""}"
1_xLE6CJzd,"[""ID02.mp4""]",0,"[41.285,80.972]",[],"{""3"":""1""}"
1_jRG1qNFu,"[""ID02.mp4""]",0,"[207.035,216.41]",[],"{""3"":""1""}"
1_qqfSVShY,"[""ID02.mp4""]",0,"[13.222,31.056]",[],"{""3"":""1""}"
1_k1oYuYC2,"[""ID02.mp4""]",0,"[81.097,206.993]",[],"{""3"":""0""}"
1_5jToIZuX,"[""ID02.mp4""]",0,"[216.41,523.201]",[],"{""3"":""0""}"
1_OwKpyQGU,"[""ID03.mp4""]",0,[17.326],"[2,60.75,195.75,78.75,60.75]","{""1"":""2"",""2"":""0""}"
1_8bZXXoX5,"[""ID03.mp4""]",0,"[16.91,19.597]",[],"{""1"":""2""}"
1_JZ9QOCZN,"[""ID03.mp4""]",0,[18.604],"[2,123.75,202.5,110.25,78.75]","{""1"":""2"",""2"":""0""}"
1_o2F16OIx,"[""ID03.mp4""]",0,[19.16],"[2,146.25,195.75,164.25,105.75]","{""1"":""2"",""2"":""0""}"
1_uIswfk4x,"[""ID03.mp4""]",0,[28.556],"[2,234,184.5,63,33.75]","{""1"":""5"",""2"":""0""}"
1_9tbFgA9A,"[""ID03.mp4""]",0,"[28.076,29.576]",[],"{""1"":""5""}"
1_vFGkAkKi,"[""ID03.mp4""]",0,[28.764],"[2,200.25,177.75,74.25,45]","{""1"":""5"",""2"":""0""}"
1_y2wXZOf0,"[""ID03.mp4""]",0,[29.222],"[2,114.75,180,132.75,67.5]","{""1"":""5"",""2"":""0""}"
1_5JptAAMY,"[""ID03.mp4""]",0,[45.181],"[2,112.5,173.25,56.25,76.5]","{""1"":""3"",""2"":""1""}"
1_XaBrf94O,"[""ID03.mp4""]",0,"[44.785,47.285]",[],"{""1"":""3""}"
1_uOxNq0vh,"[""ID03.mp4""]",0,[45.882],"[2,150.75,191.25,47.25,49.5]","{""1"":""3"",""2"":""1""}"
1_KGsKWMcN,"[""ID03.mp4""]",0,[46.931],"[2,186.75,186.75,31.5,49.5]","{""1"":""3"",""2"":""1""}"
1_psyXpgNX,"[""ID03.mp4""]",0,"[58.347,60.701]",[],"{""1"":""0""}"
1_8BEJHlQa,"[""ID03.mp4""]",0,[58.639],"[2,339.75,180,65.25,45]","{""1"":""0"",""2"":""0""}"
1_bJHIaRKN,"[""ID03.mp4""]",0,[59.16],"[2,355.5,180,63,42.75]","{""1"":""0"",""2"":""0""}"
1_EXQp0GFd,"[""ID03.mp4""]",0,[60.326],"[2,382.5,173.25,74.25,49.5]","{""1"":""0"",""2"":""0""}"
1_remRuk2E,"[""ID03.mp4""]",0,[68.556],"[2,393.75,175.5,24.75,38.25]","{""1"":""2"",""2"":""1""}"
1_pcrLRz9J,"[""ID03.mp4""]",0,"[68.264,71.035]",[],"{""1"":""2""}"
1_HKTZmc2Z,"[""ID03.mp4""]",0,[70.431],"[2,216,177.75,54,56.25]","{""1"":""2"",""2"":""1""}"
1_Pd6RG9vF,"[""ID03.mp4""]",0,[70.722],"[2,155.25,180,67.5,63]","{""1"":""2"",""2"":""1""}"
1_2dy7QNRb,"[""ID03.mp4""]",0,"[77.91,79.389]",[],"{""1"":""2""}"
1_Fn92xbJx,"[""ID03.mp4""]",0,[78.347],"[2,218.25,182.25,49.5,31.5]","{""1"":""2"",""2"":""0""}"
1_OCQIoAKc,"[""ID03.mp4""]",0,[78.609],"[2,173.25,177.75,72,40.5]","{""1"":""2"",""2"":""0""}"
1_fZSXoJAm,"[""ID03.mp4""]",0,[79.035],"[2,103.5,193.5,112.5,40.5]","{""1"":""2"",""2"":""0""}"
1_LFOXHJwx,"[""ID03.mp4""]",0,[84.91],"[2,210.92,177.75,78.75,105.75]","{""1"":""5""}"
1_0f0XWqRB,"[""ID03.mp4""]",0,[84.806],"[2,243,182.25,47.25,81]","{""1"":""5"",""2"":""1""}"
1_r5RkGPow,"[""ID03.mp4""]",0,[84.887],"[2,236.25,182.25,56.25,96.75]","{""1"":""5"",""2"":""1""}"
1_JXztuyzG,"[""ID03.mp4""]",0,[85.243],"[2,141.75,150.75,81,146.25]","{""1"":""5"",""2"":""1""}"
1_wBmbiGMn,"[""ID03.mp4""]",0,"[84.326,85.66]",[],"{""1"":""5""}"
1_219VFfl9,"[""ID03.mp4""]",0,[119.556],"[2,47.25,220.5,67.5,49.5]","{""1"":""2"",""2"":""0""}"
1_EUTKX3qd,"[""ID03.mp4""]",0,"[119.201,121.222]",[],"{""1"":""2""}"
1_spYU5XLB,"[""ID03.mp4""]",0,[120.41],"[2,135,213.75,117,67.5]","{""1"":""2"",""2"":""0""}"
1_iBRwmS0N,"[""ID03.mp4""]",0,[120.834],"[2,238.5,213.75,162,87.75]","{""1"":""2"",""2"":""0""}"
1_X14QZWHC,"[""ID03.mp4""]",0,"[131.285,132.931]",[],"{""1"":""0""}"
1_8iOh9lNC,"[""ID03.mp4""]",0,[131.576],"[2,360,173.25,81,51.75]","{""1"":""0"",""2"":""0""}"
1_mmM5fXXK,"[""ID03.mp4""]",0,[132.173],"[2,366.75,177.75,117,54]","{""1"":""0"",""2"":""0""}"
1_n50XU28u,"[""ID03.mp4""]",0,[132.597],"[2,387,166.5,153,83.25]","{""1"":""0"",""2"":""0""}"
1_Ldrhli1R,"[""ID03.mp4""]",0,"[148.868,152.347]",[],"{""1"":""0""}"
1_51eZgvB4,"[""ID03.mp4""]",0,[149.273],"[2,510.75,207,123.75,81]","{""1"":""0"",""2"":""0""}"
1_BNBoacT2,"[""ID03.mp4""]",0,[150.41],"[2,499.5,225,132.75,69.75]","{""1"":""0"",""2"":""0""}"
1_wMFlbRY8,"[""ID03.mp4""]",0,[151.917],"[2,468,220.5,166.5,94.5]","{""1"":""0"",""2"":""0""}"
1_B4fr6ad9,"[""ID03.mp4""]",0,"[158.847,160.306]",[],"{""1"":""2""}"
1_vDJdh3qS,"[""ID03.mp4""]",0,[159.16],"[2,189,240.75,60.75,36]","{""1"":""2"",""2"":""0""}"
1_HmbPWFE2,"[""ID03.mp4""]",0,[159.556],"[2,238.5,236.25,60.75,40.5]","{""1"":""2"",""2"":""0""}"
1_OZX8bgiM,"[""ID03.mp4""]",0,[159.98],"[2,290.25,243,67.5,33.75]","{""1"":""2"",""2"":""0""}"
1_DHe2EYU1,"[""ID03.mp4""]",0,[200.217],"[2,297,193.5,31.5,33.75]","{""1"":""4"",""2"":""4""}"
1_LTFeHWwd,"[""ID03.mp4""]",0,"[199.847,201.785]",[],"{""1"":""4""}"
1_7nWHqsiB,"[""ID03.mp4""]",0,[200.712],"[2,249.75,200.25,33.75,40.5]","{""1"":""4"",""2"":""4""}"
1_LDkXjJER,"[""ID03.mp4""]",0,[201.451],"[2,103.5,209.25,49.5,49.5]","{""1"":""4"",""2"":""4""}"
1_7PUX2ChF,"[""ID03.mp4""]",0,[210.791],"[2,452.25,180,173.25,112.5]","{""1"":""5"",""2"":""0""}"
1_Zj2hNu7b,"[""ID03.mp4""]",0,"[210.076,215.076]",[],"{""1"":""5""}"
1_LUhNsDmW,"[""ID03.mp4""]",0,[211.278],"[2,414,191.25,126,81]","{""1"":""5"",""2"":""0""}"
1_CeJI4eKh,"[""ID03.mp4""]",0,[213.056],"[2,375.75,193.5,76.5,67.5]","{""1"":""5"",""2"":""0""}"
1_k0FjgBwz,"[""ID03.mp4""]",0,"[258.035,260.201]",[],"{""1"":""5""}"
1_1H4ac9Im,"[""ID03.mp4""]",0,[258.451],"[2,274.5,135,78.75,54]","{""1"":""5"",""2"":""0""}"
1_gJiqpRV8,"[""ID03.mp4""]",0,[259.106],"[2,312.75,119.25,139.5,99]","{""1"":""5"",""2"":""0""}"
1_pfhtRQkv,"[""ID03.mp4""]",0,[259.41],"[2,342,121.5,189,123.75]","{""1"":""5"",""2"":""0""}"
1_yGnCrQXX,"[""ID03.mp4""]",0,"[278.16,282.035]",[],"{""1"":""1""}"
1_WJ9aG6x5,"[""ID03.mp4""]",0,[278.618],"[2,189,180,36,49.5]","{""1"":""1"",""2"":""1""}"
1_kpWqvTzy,"[""ID03.mp4""]",0,[280.588],"[2,382.5,198,33.75,40.5]","{""1"":""1"",""2"":""1""}"
1_99xQnw2m,"[""ID03.mp4""]",0,[280.588],"[2,400.5,245.25,0,2.25]","{""1"":""1""}"
1_AYKdsPxH,"[""ID03.mp4""]",0,[281.535],"[2,540,202.5,51.75,56.25]","{""1"":""1"",""2"":""1""}"
1_hVLn2Meo,"[""ID03.mp4""]",0,"[286.91,290.66]",[],"{""1"":""0""}"
1_m9gS5Vg8,"[""ID03.mp4""]",0,[287.255],"[2,49.5,132.75,130.5,85.5]","{""1"":""0"",""2"":""0""}"
1_Qpamq82Z,"[""ID03.mp4""]",0,[288.943],"[2,87.75,135,162,96.75]","{""1"":""0"",""2"":""0""}"
1_t12jACK6,"[""ID03.mp4""]",0,[290.218],"[2,227.25,148.5,141.75,105.75]","{""1"":""0"",""2"":""0""}"
1_8D4hD47H,"[""ID03.mp4""]",0,"[318.556,320.597]",[],"{""1"":""6""}"
1_RCPRFLEU,"[""ID03.mp4""]",0,[318.881],"[2,272.25,157.5,60.75,40.5]","{""1"":""6"",""2"":""0""}"
1_VVlc0gBa,"[""ID03.mp4""]",0,[319.431],"[2,267.75,155.25,74.25,49.5]","{""1"":""6"",""2"":""0""}"
1_vjxTUoTI,"[""ID03.mp4""]",0,[320.243],"[2,254.25,155.25,112.5,60.75]","{""1"":""6"",""2"":""0""}"
1_l8DMoOhB,"[""ID03.mp4""]",0,"[336.639,339.889]",[],"{""1"":""0""}"
1_UiYDUlqD,"[""ID03.mp4""]",0,[337.076],"[2,254.25,132.75,60.75,72]","{""1"":""0"",""2"":""0""}"
1_Lb5TLoU6,"[""ID03.mp4""]",0,[338.005],"[2,184.5,94.5,114.75,108]","{""1"":""0"",""2"":""0""}"
1_DszFX8vW,"[""ID03.mp4""]",0,[338.913],"[2,65.25,9,240.75,225]","{""1"":""0"",""2"":""0""}"
1_EwLpwlE8,"[""ID03.mp4""]",0,[352.237],"[2,270,193.5,63,38.25]","{""1"":""1"",""2"":""0""}"
1_l6gCxZKA,"[""ID03.mp4""]",0,"[351.868,354.451]",[],"{""1"":""1""}"
1_HIVWoJdi,"[""ID03.mp4""]",0,[353.141],"[2,346.5,202.5,74.25,42.75]","{""1"":""1"",""2"":""0""}"
1_spCSaihX,"[""ID03.mp4""]",0,[353.991],"[2,380.25,200.25,123.75,56.25]","{""1"":""0"",""2"":""0""}"
1_ZlAB9JTL,"[""ID03.mp4""]",0,[426.431],"[2,364.5,191.25,157.5,128.25]","{""1"":""5"",""2"":""0""}"
1_71t2ft4e,"[""ID03.mp4""]",0,"[426.076,427.993]",[],"{""1"":""5""}"
1_IjxDFHI3,"[""ID03.mp4""]",0,[427.24],"[2,366.75,198,108,94.5]","{""1"":""5"",""2"":""0""}"
1_IHvvaiPK,"[""ID03.mp4""]",0,[427.618],"[2,357.75,193.5,103.5,85.5]","{""1"":""5"",""2"":""0""}"
1_1CHm4FEm,"[""ID03.mp4""]",0,"[16.618,32.014]",[],"{""3"":""1""}"
1_faY0jfYb,"[""ID03.mp4""]",0,"[81.889,94.201]",[],"{""3"":""1""}"
1_2GM7eNLO,"[""ID03.mp4""]",0,"[114.139,130.91]",[],"{""3"":""1""}"
1_X17s87lL,"[""ID03.mp4""]",0,"[130.972,218.951]",[],"{""3"":""0""}"
1_aYnJ34hn,"[""ID03.mp4""]",0,"[253.597,349.41]",[],"{""3"":""0""}"
1_W9IXumRd,"[""ID03.mp4""]",0,"[349.431,359.618]",[],"{""3"":""1""}"
1_lXIicwL8,"[""ID03.mp4""]",0,"[0,16.535]",[],"{""3"":""0""}"
1_6XoelaDg,"[""ID03.mp4""]",0,"[32.014,81.764]",[],"{""3"":""0""}"
1_qVTdMhTV,"[""ID03.mp4""]",0,"[94.201,114.097]",[],"{""3"":""0""}"
1_Kyr0RYph,"[""ID03.mp4""]",0,"[219.014,253.556]",[],"{""3"":""1""}"
1_odR2ybR7,"[""ID03.mp4""]",0,"[359.618,440.535]",[],"{""3"":""0""}"
1_4gJgQLb4,"[""ID04.mp4""]",0,"[1.076,3.243]",[],"{""1"":""2""}"
1_LHwO86ds,"[""ID04.mp4""]",0,[1.326],"[2,396,195.75,40.5,36]","{""1"":""2"",""2"":""0""}"
1_Y7KRhBQz,"[""ID04.mp4""]",0,[2.306],"[2,414,204.75,83.25,40.5]","{""1"":""2"",""2"":""0""}"
1_pk3Kxya3,"[""ID04.mp4""]",0,[2.722],"[2,436.5,191.25,110.25,67.5]","{""1"":""2"",""2"":""0""}"
1_OAoXR1vq,"[""ID04.mp4""]",0,[17.806],"[2,378,148.5,42.75,29.25]","{""1"":""2"",""2"":""0""}"
1_EBqGrLFY,"[""ID04.mp4""]",0,"[17.556,19.701]",[],"{""1"":""2""}"
1_j1cNTGVz,"[""ID04.mp4""]",0,[18.618],"[2,364.5,189,60.75,24.75]","{""1"":""2"",""2"":""0""}"
1_2biESqVK,"[""ID04.mp4""]",0,[19.314],"[2,315,186.75,92.25,42.75]","{""1"":""2"",""2"":""0""}"
1_C2SdWTjy,"[""ID04.mp4""]",0,"[48.035,49.326]",[],"{""1"":""2""}"
1_AvbdFaKY,"[""ID04.mp4""]",0,[48.326],"[2,452.25,193.5,49.5,63]","{""1"":""2"",""2"":""1""}"
1_rrlvzQgX,"[""ID04.mp4""]",0,[48.681],"[2,454.5,180,56.25,96.75]","{""1"":""2"",""2"":""1""}"
1_9g3XI15p,"[""ID04.mp4""]",0,[48.972],"[2,443.25,180,99,114.75]","{""1"":""2"",""2"":""1""}"
1_7GKelL7X,"[""ID04.mp4""]",0,"[61.743,63.306]",[],"{""1"":""5""}"
1_LE3qTVWF,"[""ID04.mp4""]",0,[62.181],"[2,256.5,155.25,56.25,47.25]","{""1"":""5"",""2"":""0""}"
1_XXxBCWgA,"[""ID04.mp4""]",0,[62.514],"[2,184.5,157.5,81,60.75]","{""1"":""5"",""2"":""0""}"
1_GJ1ocRAY,"[""ID04.mp4""]",0,[62.764],"[2,63,148.5,117,110.25]","{""1"":""5"",""2"":""0""}"
1_kEZeeZGC,"[""ID04.mp4""]",0,"[67.347,69.326]",[],"{""1"":""2""}"
1_xoQRdfZM,"[""ID04.mp4""]",0,[67.597],"[2,202.5,168.75,38.25,27]","{""1"":""2"",""2"":""0""}"
1_VOksAIXV,"[""ID04.mp4""]",0,[67.597],"[2,303.75,162,45,31.5]","{""1"":""2"",""2"":""0""}"
1_e87bVdvQ,"[""ID04.mp4""]",0,[68.261],"[2,344.25,155.25,56.25,42.75]","{""1"":""2"",""2"":""0""}"
1_cNU9fpCF,"[""ID04.mp4""]",0,[68.261],"[2,193.5,168.75,58.5,31.5]","{""1"":""2"",""2"":""0""}"
1_oxqEXpLm,"[""ID04.mp4""]",0,[68.743],"[2,387,162,83.25,45]","{""1"":""2"",""2"":""0""}"
1_R8pHTt6Q,"[""ID04.mp4""]",0,[68.743],"[2,186.75,166.5,67.5,40.5]","{""1"":""2"",""2"":""0""}"
1_pWGL9Pwr,"[""ID04.mp4""]",0,"[96.431,97.806]",[],"{""1"":""2""}"
1_TsnMBW1M,"[""ID04.mp4""]",0,[96.806],"[2,382.5,175.5,31.5,65.25]","{""1"":""2"",""2"":""2""}"
1_rTCccNHv,"[""ID04.mp4""]",0,[97.16],"[2,355.5,164.25,47.25,96.75]","{""1"":""2"",""2"":""2""}"
1_qpf3UUPr,"[""ID04.mp4""]",0,[97.431],"[2,301.5,155.25,63,132.75]","{""1"":""2"",""2"":""2""}"
1_PSxVCAPJ,"[""ID04.mp4""]",0,"[193.618,196.243]",[],"{""1"":""0""}"
1_yJaPXQa4,"[""ID04.mp4""]",0,[193.93],"[2,312.75,177.75,119.25,72]","{""1"":""0"",""2"":""0""}"
1_UY7VXXpJ,"[""ID04.mp4""]",0,[193.93],"[2,364.5,211.5,2.25,0]","{""1"":""0""}"
1_lRoosN47,"[""ID04.mp4""]",0,[194.66],"[2,292.5,166.5,132.75,81]","{""1"":""0"",""2"":""0""}"
1_b8JXPXv3,"[""ID04.mp4""]",0,[195.972],"[2,267.75,173.25,137.25,72]","{""1"":""0"",""2"":""0""}"
1_69huMiPF,"[""ID04.mp4""]",0,"[206.597,208.868]",[],"{""1"":""2""}"
1_JXEaQQgT,"[""ID04.mp4""]",0,[206.972],"[2,177.75,171,45,36]","{""1"":""2"",""2"":""0""}"
1_i8ZkyWPK,"[""ID04.mp4""]",0,[207.833],"[2,144,175.5,74.25,56.25]","{""1"":""2"",""2"":""0""}"
1_KswxLUXQ,"[""ID04.mp4""]",0,[208.383],"[2,47.25,159.75,126,76.5]","{""1"":""2"",""2"":""0""}"
1_nkHElQMC,"[""ID04.mp4""]",0,"[191.993,228.139]",[],"{""3"":""0""}"
1_tMrQDyXD,"[""ID04.mp4""]",0,"[0,72.868]",[],"{""3"":""0""}"
1_KfxMgsuX,"[""ID04.mp4""]",0,"[72.868,191.91]",[],"{""3"":""1""}"
1_fUn7qs80,"[""ID05.mp4""]",0,"[12.951,14.326]",[],"{""1"":""0""}"
1_7c6YT53v,"[""ID05.mp4""]",0,[13.16],"[2,393.75,182.25,105.75,69.75]","{""1"":""0"",""2"":""0""}"
1_15U1GvnX,"[""ID05.mp4""]",0,[13.569],"[2,402.75,186.75,132.75,81]","{""1"":""0"",""2"":""0""}"
1_akZWJhIW,"[""ID05.mp4""]",0,[14.014],"[2,420.75,171,157.5,108]","{""1"":""0"",""2"":""0""}"
1_6rsXJ07X,"[""ID05.mp4""]",0,[23.59],"[2,256.5,157.5,31.5,29.25]","{""1"":""5"",""2"":""0""}"
1_UJwngKcD,"[""ID05.mp4""]",0,"[23.347,24.514]",[],"{""1"":""5""}"
1_3XzEHuca,"[""ID05.mp4""]",0,[24.014],"[2,213.75,148.5,56.25,51.75]","{""1"":""5"",""2"":""0""}"
1_Q51KDhEN,"[""ID05.mp4""]",0,[24.201],"[2,146.25,155.25,99,63]","{""1"":""5"",""2"":""0""}"
1_2SdEQfb6,"[""ID05.mp4""]",0,"[33.451,36.201]",[],"{""1"":""0""}"
1_4trO3hYo,"[""ID05.mp4""]",0,[33.66],"[2,418.5,148.5,180,108]","{""1"":""0"",""2"":""0""}"
1_ySO7dMLr,"[""ID05.mp4""]",0,[34.47],"[2,373.5,153,186.75,99]","{""1"":""0"",""2"":""0""}"
1_K0xhBVIX,"[""ID05.mp4""]",0,[35.972],"[2,222.75,155.25,155.25,76.5]","{""1"":""0"",""2"":""0""}"
1_GuuKXmzo,"[""ID05.mp4""]",0,"[55.514,57.243]",[],"{""1"":""4""}"
1_xLtFu2eV,"[""ID05.mp4""]",0,[55.826],"[2,195.75,213.75,40.5,51.75]","{""1"":""4"",""2"":""4""}"
1_FvvGuXLb,"[""ID05.mp4""]",0,[56.306],"[2,191.25,218.25,45,49.5]","{""1"":""4"",""2"":""4""}"
1_ExbsWvTe,"[""ID05.mp4""]",0,[56.806],"[2,213.75,227.25,45,56.25]","{""1"":""4"",""2"":""4""}"
1_5ARo7UKq,"[""ID05.mp4""]",0,[56.806],"[2,240.75,285.75,2.25,0]","{""1"":""4""}"
1_AnIVCOky,"[""ID05.mp4""]",0,"[78.264,80.41]",[],"{""1"":""0""}"
1_fACMpvjS,"[""ID05.mp4""]",0,[78.493],"[2,117,184.5,94.5,51.75]","{""1"":""0"",""2"":""0""}"
1_1ldxUVsX,"[""ID05.mp4""]",0,[79.014],"[2,83.25,171,123.75,78.75]","{""1"":""0"",""2"":""0""}"
1_wrukn75p,"[""ID05.mp4""]",0,[80.076],"[2,42.75,177.75,175.5,99]","{""1"":""0"",""2"":""0""}"
1_zfXNNrM8,"[""ID05.mp4""]",0,"[122.222,123.472]",[],"{""1"":""5""}"
1_MF9Wx7XS,"[""ID05.mp4""]",0,[122.493],"[2,11.25,184.5,92.25,92.25]","{""1"":""5"",""2"":""0""}"
1_8JswoBil,"[""ID05.mp4""]",0,[122.785],"[2,47.25,198,121.5,78.75]","{""1"":""5"",""2"":""0""}"
1_gvPaGWui,"[""ID05.mp4""]",0,[123.056],"[2,74.25,195.75,164.25,108]","{""1"":""5"",""2"":""0""}"
1_H5LYyu5z,"[""ID05.mp4""]",0,"[154.951,157.514]",[],"{""1"":""0""}"
1_571tOMt5,"[""ID05.mp4""]",0,[155.243],"[2,279,222.75,49.5,47.25]","{""1"":""0"",""2"":""0""}"
1_Pt3hD46M,"[""ID05.mp4""]",0,[156.292],"[2,342,213.75,63,42.75]","{""1"":""0"",""2"":""0""}"
1_yAJ8532J,"[""ID05.mp4""]",0,[156.993],"[2,324,218.25,72,49.5]","{""1"":""0"",""2"":""0""}"
1_to0wz3EM,"[""ID05.mp4""]",0,"[168.16,169.847]",[],"{""1"":""3""}"
1_b6iyXHVb,"[""ID05.mp4""]",0,[168.576],"[2,63,189,216,132.75]","{""1"":""3"",""2"":""0""}"
1_bL4yz1X6,"[""ID05.mp4""]",0,[168.6],"[2,150.75,189,146.25,103.5]","{""1"":""3""}"
1_HMmn3X7W,"[""ID05.mp4""]",0,[168.91],"[2,139.5,195.75,171,94.5]","{""1"":""3"",""2"":""0""}"
1_0KI2YXnu,"[""ID05.mp4""]",0,[169.495],"[2,231.75,182.25,92.25,83.25]","{""1"":""3"",""2"":""0""}"
1_SAvzOXTq,"[""ID05.mp4""]",0,"[179.368,181.556]",[],"{""1"":""3""}"
1_CebPGR7T,"[""ID05.mp4""]",0,[179.764],"[2,333,155.25,153,105.75]","{""1"":""3"",""2"":""0""}"
1_Cz2AHyMc,"[""ID05.mp4""]",0,[180.056],"[2,324,146.25,112.5,96.75]","{""1"":""3"",""2"":""0""}"
1_UnMtclm8,"[""ID05.mp4""]",0,[181.1],"[2,288,148.5,67.5,67.5]","{""1"":""3"",""2"":""0""}"
1_eMxXu3tX,"[""ID05.mp4""]",0,[199.431],"[2,418.5,157.5,74.25,58.5]","{""1"":""2"",""2"":""1""}"
1_q4O0WPat,"[""ID05.mp4""]",0,"[199.139,200.243]",[],"{""1"":""2""}"
1_X0o1SiA4,"[""ID05.mp4""]",0,[199.556],"[2,405,139.5,83.25,78.75]","{""1"":""2"",""2"":""1""}"
1_nuehowXJ,"[""ID05.mp4""]",0,[199.868],"[2,299.25,132.75,148.5,130.5]","{""1"":""2""}"
1_OGXcgKGB,"[""ID05.mp4""]",0,"[207.014,208.306]",[],"{""1"":""6""}"
1_rwme9TMJ,"[""ID05.mp4""]",0,[207.243],"[2,195.75,164.25,72,81]","{""1"":""6"",""2"":""3""}"
1_lbOb3D8e,"[""ID05.mp4""]",0,[207.556],"[2,184.5,175.5,76.5,78.75]","{""1"":""6"",""2"":""3""}"
1_P55LjAjf,"[""ID05.mp4""]",0,[207.91],"[2,132.75,193.5,83.25,85.5]","{""1"":""6"",""2"":""3""}"
1_sUvUelNu,"[""ID05.mp4""]",0,"[214.514,216.201]",[],"{""1"":""6""}"
1_6elBxE5E,"[""ID05.mp4""]",0,[214.931],"[2,193.5,173.25,67.5,51.75]","{""1"":""6"",""2"":""1""}"
1_nGXirHyB,"[""ID05.mp4""]",0,[215.368],"[2,249.75,180,78.75,60.75]","{""1"":""6""}"
1_9nAobdTT,"[""ID05.mp4""]",0,[215.868],"[2,337.5,168.75,117,92.25]","{""1"":""6""}"
1_PTY8X0ia,"[""ID05.mp4""]",0,"[259.535,260.951]",[],"{""1"":""2""}"
1_mTnrXJDz,"[""ID05.mp4""]",0,[259.951],"[2,288,202.5,29.25,47.25]","{""1"":""2"",""2"":""2""}"
1_8fnLCYwb,"[""ID05.mp4""]",0,[260.201],"[2,283.5,202.5,33.75,60.75]","{""1"":""2"",""2"":""2""}"
1_XgCrwO8w,"[""ID05.mp4""]",0,[260.597],"[2,283.5,200.25,33.75,78.75]","{""1"":""2"",""2"":""2""}"
1_OOUpHM4q,"[""ID05.mp4""]",0,[267.597],"[2,551.25,157.5,83.25,69.75]","{""1"":""3"",""2"":""0""}"
1_MwrrF5o6,"[""ID05.mp4""]",0,"[267.181,269.181]",[],"{""1"":""3""}"
1_udpfNZ2B,"[""ID05.mp4""]",0,[267.951],"[2,510.75,164.25,101.25,56.25]","{""1"":""3"",""2"":""0""}"
1_hDH7gqNZ,"[""ID05.mp4""]",0,[268.726],"[2,465.75,155.25,72,56.25]","{""1"":""3"",""2"":""0""}"
1_5LcWVSGX,"[""ID05.mp4""]",0,"[288.576,290.306]",[],"{""1"":""1""}"
1_7zDniXzM,"[""ID05.mp4""]",0,[288.857],"[2,348.75,171,27,40.5]","{""1"":""1"",""2"":""1""}"
1_7DDOWH7a,"[""ID05.mp4""]",0,[289.451],"[2,348.75,166.5,40.5,51.75]","{""1"":""1"",""2"":""1""}"
1_XVMgoyRR,"[""ID05.mp4""]",0,[289.847],"[2,357.75,168.75,49.5,69.75]","{""1"":""1"",""2"":""1""}"
1_LXTu79zr,"[""ID05.mp4""]",0,"[317.576,319.014]",[],"{""1"":""5""}"
1_lfU1JZdQ,"[""ID05.mp4""]",0,[317.972],"[2,330.75,216,42.75,38.25]","{""1"":""5"",""2"":""0""}"
1_NuQhpuE8,"[""ID05.mp4""]",0,[318.333],"[2,357.75,218.25,51.75,45]","{""1"":""5"",""2"":""0""}"
1_xFTed04C,"[""ID05.mp4""]",0,[318.576],"[2,373.5,218.25,101.25,69.75]","{""1"":""5"",""2"":""0""}"
1_zNzSzwyz,"[""ID05.mp4""]",0,"[325.764,327.556]",[],"{""1"":""4""}"
1_JJIO4Wg1,"[""ID05.mp4""]",0,[326.118],"[2,288,128.25,58.5,47.25]","{""1"":""4"",""2"":""4""}"
1_pdT12FKN,"[""ID05.mp4""]",0,[326.639],"[2,301.5,137.25,74.25,63]","{""1"":""4"",""2"":""4""}"
1_7RR1KWVc,"[""ID05.mp4""]",0,[327.014],"[2,299.25,144,101.25,65.25]","{""1"":""4"",""2"":""4""}"
1_BZNPXrDE,"[""ID05.mp4""]",0,"[372.056,374.41]",[],"{""1"":""0""}"
1_42E1QR0P,"[""ID05.mp4""]",0,[372.347],"[2,337.5,236.25,72,60.75]","{""1"":""0"",""2"":""0""}"
1_HbusZfga,"[""ID05.mp4""]",0,[373.371],"[2,351,238.5,83.25,67.5]","{""1"":""0"",""2"":""0""}"
1_GMpLTAfd,"[""ID05.mp4""]",0,[373.993],"[2,402.75,245.25,90,69.75]","{""1"":""0"",""2"":""0""}"
1_KAmPuBEr,"[""ID05.mp4""]",0,[379.514],"[2,357.75,168.75,83.25,117]","{""1"":""1"",""2"":""1""}"
1_Z66Z3wUM,"[""ID05.mp4""]",0,"[379.181,381.722]",[],"{""1"":""1""}"
1_6VXl21C5,"[""ID05.mp4""]",0,[380.19],"[2,353.25,166.5,60.75,99]","{""1"":""1"",""2"":""1""}"
1_makWXVnP,"[""ID05.mp4""]",0,[381.368],"[2,366.75,168.75,58.5,83.25]","{""1"":""1"",""2"":""1""}"
1_oCQYGjXz,"[""ID05.mp4""]",0,"[392.347,394.16]",[],"{""1"":""5""}"
1_2a72wFRr,"[""ID05.mp4""]",0,[392.681],"[2,321.75,159.75,47.25,63]","{""1"":""5"",""2"":""1""}"
1_G1XOXn0d,"[""ID05.mp4""]",0,[393.182],"[2,337.5,166.5,63,72]","{""1"":""5"",""2"":""1""}"
1_2vWXcxqx,"[""ID05.mp4""]",0,[393.794],"[2,380.25,153,78.75,126]","{""1"":""5"",""2"":""1""}"
1_QGPS31fy,"[""ID05.mp4""]",0,"[403.576,405.556]",[],"{""1"":""3""}"
1_UyzYf00G,"[""ID05.mp4""]",0,[403.931],"[2,434.25,159.75,175.5,121.5]","{""1"":""3"",""2"":""0""}"
1_vuYXwEYX,"[""ID05.mp4""]",0,[404.395],"[2,407.25,166.5,99,76.5]","{""1"":""3"",""2"":""0""}"
1_EjrUt2WS,"[""ID05.mp4""]",0,[405.212],"[2,380.25,166.5,65.25,56.25]","{""1"":""3"",""2"":""0""}"
1_BebAxt7E,"[""ID05.mp4""]",0,"[416.681,418.389]",[],"{""1"":""2""}"
1_2IoxzhXQ,"[""ID05.mp4""]",0,[417.139],"[2,103.5,74.25,65.25,72]","{""1"":""2"",""2"":""1""}"
1_ZXw5fM7y,"[""ID05.mp4""]",0,[417.71],"[2,103.5,87.75,96.75,85.5]","{""1"":""2"",""2"":""1""}"
1_xEl1f3f2,"[""ID05.mp4""]",0,[418.014],"[2,51.75,90,220.5,132.75]","{""1"":""2"",""2"":""1""}"
1_XAyU7gIw,"[""ID05.mp4""]",0,"[451.681,454.431]",[],"{""1"":""0""}"
1_X6MzJK12,"[""ID05.mp4""]",0,[452.056],"[2,87.75,164.25,171,139.5]","{""1"":""0"",""2"":""0""}"
1_2sFzfXXU,"[""ID05.mp4""]",0,[452.556],"[2,146.25,180,153,114.75]","{""1"":""0"",""2"":""0""}"
1_eFFheSB3,"[""ID05.mp4""]",0,[454.035],"[2,209.25,186.75,78.75,69.75]","{""1"":""0"",""2"":""0""}"
1_3eNZnfnx,"[""ID05.mp4""]",0,"[26.785,38.701]",[],"{""3"":""1""}"
1_vOIcuX6X,"[""ID05.mp4""]",0,"[149.868,171.222]",[],"{""3"":""1""}"
1_Hdd5Xxpp,"[""ID05.mp4""]",0,"[171.264,294.16]",[],"{""3"":""0""}"
1_1RW0rELv,"[""ID05.mp4""]",0,"[386.368,398.785]",[],"{""3"":""0""}"
1_V7gHi8fd,"[""ID05.mp4""]",0,"[398.826,437.201]",[],"{""3"":""1""}"
1_sAt2QToQ,"[""ID05.mp4""]",0,"[0.035,26.681]",[],"{""3"":""0""}"
1_k9tCCXBT,"[""ID05.mp4""]",0,"[38.701,87.347]",[],"{""3"":""0""}"
1_H25TfgqK,"[""ID05.mp4""]",0,"[87.347,105.826]",[],"{""3"":""1""}"
1_lmmluZgv,"[""ID05.mp4""]",0,"[105.826,149.785]",[],"{""3"":""0""}"
1_6pX9y7HD,"[""ID05.mp4""]",0,"[294.16,332.576]",[],"{""3"":""1""}"
1_YnhMinzP,"[""ID05.mp4""]",0,"[332.576,357.556]",[],"{""3"":""0""}"
1_TCWxLARh,"[""ID05.mp4""]",0,"[357.556,386.368]",[],"{""3"":""1""}"
1_OINAjWXs,"[""ID05.mp4""]",0,"[437.201,510.847]",[],"{""3"":""0""}"
1_gLAIsFg0,"[""ID06.mp4""]",0,"[3.41,5.16]",[],"{""1"":""6""}"
1_GZsX0HjO,"[""ID06.mp4""]",0,[3.639],"[2,312.75,189,51.75,47.25]","{""1"":""6"",""2"":""0""}"
1_V5ktRXih,"[""ID06.mp4""]",0,[4.212],"[2,299.25,198,83.25,54]","{""1"":""6"",""2"":""0""}"
1_Bw9GRthy,"[""ID06.mp4""]",0,[4.743],"[2,297,195.75,94.5,76.5]","{""1"":""6"",""2"":""0""}"
1_9OXnEKT8,"[""ID06.mp4""]",0,"[14.181,15.556]",[],"{""1"":""5""}"
1_tU5zdazF,"[""ID06.mp4""]",0,[14.576],"[2,130.5,162,81,114.75]","{""1"":""5"",""2"":""1""}"
1_J32f2GVB,"[""ID06.mp4""]",0,[14.868],"[2,182.25,168.75,56.25,92.25]","{""1"":""5"",""2"":""1""}"
1_JFS91urP,"[""ID06.mp4""]",0,[15.014],"[2,191.25,166.5,56.25,92.25]","{""1"":""5"",""2"":""1""}"
1_oGQUhEX4,"[""ID06.mp4""]",0,[29.681],"[2,326.25,148.5,58.5,58.5]","{""1"":""5"",""2"":""0""}"
1_iJrsqPam,"[""ID06.mp4""]",0,[29.999],"[2,339.75,144,72,78.75]","{""1"":""5"",""2"":""0""}"
1_G96X8k1C,"[""ID06.mp4""]",0,[30.347],"[2,346.5,130.5,128.25,121.5]","{""1"":""5"",""2"":""0""}"
1_D5iwtmHK,"[""ID06.mp4""]",0,"[29.222,30.785]",[],"{""1"":""5""}"
1_ViIMzKCg,"[""ID06.mp4""]",0,[46.66],"[2,490.5,162,83.25,123.75]","{""1"":""3"",""2"":""1""}"
1_G43jHCML,"[""ID06.mp4""]",0,"[46.347,48.389]",[],"{""1"":""3""}"
1_cXwGxDxY,"[""ID06.mp4""]",0,[47.076],"[2,398.25,173.25,65.25,87.75]","{""1"":""3"",""2"":""1""}"
1_hknDaZee,"[""ID06.mp4""]",0,[47.993],"[2,319.5,189,42.75,56.25]","{""1"":""3"",""2"":""1""}"
1_NDmo79pX,"[""ID06.mp4""]",0,"[59.451,62.201]",[],"{""1"":""0""}"
1_2HBDxy0t,"[""ID06.mp4""]",0,[59.639],"[2,391.5,220.5,47.25,45]","{""1"":""0"",""2"":""0""}"
1_wa2U3Me4,"[""ID06.mp4""]",0,[60.889],"[2,362.25,225,51.75,38.25]","{""1"":""0"",""2"":""0""}"
1_jpOyLQLZ,"[""ID06.mp4""]",0,[61.806],"[2,418.5,216,51.75,45]","{""1"":""0"",""2"":""0""}"
1_LF8jN4vX,"[""ID06.mp4""]",0,"[75.806,77.41]",[],"{""1"":""2""}"
1_sHJgZOit,"[""ID06.mp4""]",0,[76.076],"[2,339.75,207,36,42.75]","{""1"":""2"",""2"":""1""}"
1_onHtdkVl,"[""ID06.mp4""]",0,[76.766],"[2,308.25,218.25,60.75,45]","{""1"":""2"",""2"":""1""}"
1_hOk4mzZz,"[""ID06.mp4""]",0,[77.076],"[2,240.75,202.5,69.75,90]","{""1"":""2"",""2"":""1""}"
1_utbneHsH,"[""ID06.mp4""]",0,[152.264],"[2,281.25,146.25,27,49.5]","{""1"":""2"",""2"":""2""}"
1_ZrqAU9Vl,"[""ID06.mp4""]",0,"[151.951,153.451]",[],"{""1"":""2""}"
1_QF0cyVqW,"[""ID06.mp4""]",0,[152.722],"[2,258.75,153,22.5,54]","{""1"":""2"",""2"":""2""}"
1_HNN6OoLB,"[""ID06.mp4""]",0,[153.076],"[2,207,148.5,40.5,65.25]","{""1"":""2"",""2"":""2""}"
1_VEGsU28e,"[""ID06.mp4""]",0,"[157.139,159.035]",[],"{""1"":""0""}"
1_bCyia2ZV,"[""ID06.mp4""]",0,[157.389],"[2,139.5,189,63,56.25]","{""1"":""0"",""2"":""0""}"
1_F69AZmgz,"[""ID06.mp4""]",0,[157.862],"[2,141.75,182.25,58.5,54]","{""1"":""0"",""2"":""0""}"
1_DBe4ULrk,"[""ID06.mp4""]",0,[158.764],"[2,175.5,191.25,45,45]","{""1"":""0"",""2"":""0""}"
1_Su7ZEZ7M,"[""ID06.mp4""]",0,"[164.139,166.264]",[],"{""1"":""3""}"
1_QVH3aYFu,"[""ID06.mp4""]",0,[164.514],"[2,292.5,164.25,247.5,126]","{""1"":""3"",""2"":""0""}"
1_DfEwRB1M,"[""ID06.mp4""]",0,[164.881],"[2,256.5,177.75,173.25,87.75]","{""1"":""3"",""2"":""0""}"
1_ZE9irrQ5,"[""ID06.mp4""]",0,[165.889],"[2,220.5,182.25,90,54]","{""1"":""3"",""2"":""0""}"
1_rZEdCXey,"[""ID06.mp4""]",0,"[44.556,56.076]",[],"{""3"":""1""}"
1_Q0lLlRVm,"[""ID06.mp4""]",0,"[56.118,70.66]",[],"{""3"":""0""}"
1_EXKMK4eN,"[""ID06.mp4""]",0,"[70.66,80.972]",[],"{""3"":""1""}"
1_NF3oT62O,"[""ID06.mp4""]",0,"[155.097,177.972]",[],"{""3"":""1""}"
1_BMfYPlXo,"[""ID06.mp4""]",0,"[0,44.451]",[],"{""3"":""0""}"
1_8sTtwijU,"[""ID06.mp4""]",0,"[80.972,155.056]",[],"{""3"":""0""}"
1_I3jEivfb,"[""ID06.mp4""]",0,"[177.972,197.264]",[],"{""3"":""0""}"
1_ZS7xXknO,"[""ID06.mp4""]",0,"[197.264,206.472]",[],"{""3"":""1""}"
1_NrNU0aya,"[""ID07.mp4""]",0,"[3.868,5.722]",[],"{""1"":""3""}"
1_itDxMOPg,"[""ID07.mp4""]",0,[4.289],"[2,337.5,177.75,49.5,36]","{""1"":""3"",""2"":""0""}"
1_8X0wTgx7,"[""ID07.mp4""]",0,[4.826],"[2,342,186.75,63,36]","{""1"":""3"",""2"":""0""}"
1_tjJRbW7G,"[""ID07.mp4""]",0,[5.431],"[2,344.25,175.5,78.75,47.25]","{""1"":""3"",""2"":""0""}"
1_OyVbjz0c,"[""ID07.mp4""]",0,"[30.014,31.618]",[],"{""1"":""4""}"
1_8vQd64FT,"[""ID07.mp4""]",0,[30.556],"[2,369,182.25,38.25,31.5]","{""1"":""4"",""2"":""4""}"
1_Rj0qVcGx,"[""ID07.mp4""]",0,[30.785],"[2,393.75,189,40.5,33.75]","{""1"":""4"",""2"":""4""}"
1_CxTKkNFp,"[""ID07.mp4""]",0,[31.181],"[2,456.75,207,47.25,49.5]","{""1"":""4"",""2"":""4""}"
1_vEEw6ZxY,"[""ID07.mp4""]",0,"[52.681,54.326]",[],"{""1"":""6""}"
1_OgqZSjPV,"[""ID07.mp4""]",0,[52.993],"[2,290.25,193.5,42.75,51.75]","{""1"":""6"",""2"":""0""}"
1_mih0Do91,"[""ID07.mp4""]",0,[53.576],"[2,276.75,195.75,56.25,49.5]","{""1"":""6"",""2"":""0""}"
1_mQcdz7Eg,"[""ID07.mp4""]",0,[53.931],"[2,256.5,204.75,65.25,54]","{""1"":""6"",""2"":""0""}"
1_0JTFGeSj,"[""ID07.mp4""]",0,"[65.181,67.285]",[],"{""1"":""0""}"
1_9begfoYP,"[""ID07.mp4""]",0,[65.493],"[2,240.75,175.5,54,54]","{""1"":""0"",""2"":""0""}"
1_9QX4UPvP,"[""ID07.mp4""]",0,[66.118],"[2,245.25,182.25,63,47.25]","{""1"":""0"",""2"":""0""}"
1_Imn899wb,"[""ID07.mp4""]",0,[66.91],"[2,283.5,173.25,74.25,42.75]","{""1"":""0"",""2"":""0""}"
1_rtdAptGZ,"[""ID07.mp4""]",0,"[97.618,99.118]",[],"{""1"":""4""}"
1_rSFBwa3q,"[""ID07.mp4""]",0,[98.004],"[2,348.75,209.25,38.25,45]","{""1"":""4"",""2"":""4""}"
1_iUELWCsp,"[""ID07.mp4""]",0,[98.004],"[2,405,202.5,47.25,47.25]","{""1"":""4"",""2"":""4""}"
1_go3YEUXw,"[""ID07.mp4""]",0,[98.389],"[2,371.25,207,65.25,51.75]","{""1"":""4"",""2"":""4""}"
1_0VaWDsTK,"[""ID07.mp4""]",0,[98.389],"[2,438.75,202.5,63,56.25]","{""1"":""4"",""2"":""4""}"
1_PcFN3SwM,"[""ID07.mp4""]",0,[98.681],"[2,398.25,207,72,60.75]","{""1"":""4"",""2"":""4""}"
1_XbN9U1kq,"[""ID07.mp4""]",0,[98.681],"[2,490.5,209.25,54,63]","{""1"":""4"",""2"":""4""}"
1_oATCszHD,"[""ID07.mp4""]",0,"[104.076,105.826]",[],"{""1"":""4""}"
1_ZeDkFjWY,"[""ID07.mp4""]",0,[104.493],"[2,263.25,132.75,49.5,47.25]","{""1"":""4"",""2"":""4""}"
1_PzrY1PMX,"[""ID07.mp4""]",0,[104.847],"[2,258.75,139.5,69.75,54]","{""1"":""4"",""2"":""4""}"
1_JBtA9ATX,"[""ID07.mp4""]",0,[105.389],"[2,267.75,166.5,85.5,74.25]","{""1"":""4"",""2"":""4""}"
1_7FeLtAUv,"[""ID07.mp4""]",0,"[111.014,112.431]",[],"{""1"":""3""}"
1_v2GT4kjn,"[""ID07.mp4""]",0,[111.306],"[2,425.25,166.5,180,103.5]","{""1"":""3"",""2"":""0""}"
1_WugmhaXT,"[""ID07.mp4""]",0,[111.618],"[2,378,177.75,90,56.25]","{""1"":""3"",""2"":""0""}"
1_wPoHOsyI,"[""ID07.mp4""]",0,[111.993],"[2,360,180,63,38.25]","{""1"":""3"",""2"":""0""}"
1_LhpHRtMX,"[""ID07.mp4""]",0,"[136.785,138.139]",[],"{""1"":""3""}"
1_bIs9TmoR,"[""ID07.mp4""]",0,[137.139],"[2,375.75,209.25,49.5,31.5]","{""1"":""3"",""2"":""0""}"
1_qPfS46ex,"[""ID07.mp4""]",0,[137.368],"[2,366.75,209.25,51.75,31.5]","{""1"":""3"",""2"":""0""}"
1_peJX6xnL,"[""ID07.mp4""]",0,[137.764],"[2,364.5,207,40.5,42.75]","{""1"":""3"",""2"":""0""}"
1_oRyKpaBP,"[""ID07.mp4""]",0,"[161.431,164.014]",[],"{""1"":""2""}"
1_A0t7wrmX,"[""ID07.mp4""]",0,[161.827],"[2,85.5,173.25,146.25,119.25]","{""1"":""2"",""2"":""0""}"
1_dJLb8tNs,"[""ID07.mp4""]",0,[162.514],"[2,90,182.25,132.75,105.75]","{""1"":""2"",""2"":""0""}"
1_pKOCKqv8,"[""ID07.mp4""]",0,[163.451],"[2,141.75,175.5,157.5,121.5]","{""1"":""2"",""2"":""0""}"
1_8J7ntgNF,"[""ID07.mp4""]",0,"[4.097,5.097]",[],"{""3"":""2""}"
1_zp6FQ07t,"[""ID07.mp4""]",0,"[60.472,73.451]",[],"{""3"":""1""}"
1_j2Ps5XE8,"[""ID07.mp4""]",0,"[127.764,182.16]",[],"{""3"":""0""}"
1_8rj8oUDX,"[""ID07.mp4""]",0,"[0,60.431]",[],"{""3"":""0""}"
1_ALAq7QMu,"[""ID07.mp4""]",0,"[73.451,92.264]",[],"{""3"":""0""}"
1_ON6TtRAe,"[""ID07.mp4""]",0,"[92.264,127.722]",[],"{""3"":""1""}"
1_fKXsanRG,"[""ID08.mp4""]",0,"[5.243,6.306]",[],"{""1"":""4""}"
1_SsTK1ehC,"[""ID08.mp4""]",0,[5.597],"[2,247.5,218.25,33.75,27]","{""1"":""4"",""2"":""4""}"
1_qIu5ClP3,"[""ID08.mp4""]",0,[5.806],"[2,243,218.25,54,49.5]","{""1"":""4"",""2"":""4""}"
1_t97gHuQg,"[""ID08.mp4""]",0,[6.014],"[2,218.25,258.75,69.75,49.5]","{""1"":""4"",""2"":""3""}"
1_XSyRwFXB,"[""ID08.mp4""]",0,"[22.639,24.243]",[],"{""1"":""2""}"
1_bu89taZe,"[""ID08.mp4""]",0,[23.014],"[2,319.5,162,45,29.25]","{""1"":""2"",""2"":""3""}"
1_gbX54hSg,"[""ID08.mp4""]",0,[23.535],"[2,290.25,164.25,31.5,42.75]","{""1"":""2"",""2"":""3""}"
1_DvOFfICc,"[""ID08.mp4""]",0,[23.535],"[2,326.25,166.5,47.25,45]","{""1"":""2"",""2"":""3""}"
1_OfRhXBnk,"[""ID08.mp4""]",0,[23.889],"[2,247.5,162,45,65.25]","{""1"":""2"",""2"":""3""}"
1_nMMNChRz,"[""ID08.mp4""]",0,[23.889],"[2,292.5,159.75,58.5,74.25]","{""1"":""2"",""2"":""3""}"
1_jdXQGsyg,"[""ID08.mp4""]",0,"[46.681,48.806]",[],"{""1"":""0""}"
1_fZYziFNg,"[""ID08.mp4""]",0,[47.056],"[2,333,193.5,54,31.5]","{""1"":""0"",""2"":""0""}"
1_qrXXiT2X,"[""ID08.mp4""]",0,[47.806],"[2,321.75,189,47.25,40.5]","{""1"":""0"",""2"":""0""}"
1_MozBYXRT,"[""ID08.mp4""]",0,[48.431],"[2,306,195.75,38.25,33.75]","{""1"":""0"",""2"":""0""}"
1_ONUen6Ur,"[""ID08.mp4""]",0,"[83.66,86.16]",[],"{""1"":""5""}"
1_PPnHw1e4,"[""ID08.mp4""]",0,[83.993],"[2,252,155.25,51.75,38.25]","{""1"":""5"",""2"":""0""}"
1_7YZ1KYOX,"[""ID08.mp4""]",0,[84.806],"[2,272.25,155.25,49.5,40.5]","{""1"":""5"",""2"":""0""}"
1_QKMSGm3p,"[""ID08.mp4""]",0,[85.66],"[2,297,162,49.5,33.75]","{""1"":""5"",""2"":""0""}"
1_BF2XaZkn,"[""ID08.mp4""]",0,"[104.66,105.993]",[],"{""1"":""2""}"
1_VsDc5QEs,"[""ID08.mp4""]",0,[104.993],"[2,173.25,195.75,54,45]","{""1"":""2"",""2"":""3""}"
1_U6mVO4Xd,"[""ID08.mp4""]",0,[105.285],"[2,119.25,198,90,81]","{""1"":""2"",""2"":""3""}"
1_pIwHClgo,"[""ID08.mp4""]",0,[105.514],"[2,31.5,184.5,128.25,128.25]","{""1"":""2"",""2"":""3""}"
1_mtaFyDXS,"[""ID08.mp4""]",0,"[116.368,119.764]",[],"{""1"":""0""}"
1_aOj7RoRC,"[""ID08.mp4""]",0,[116.743],"[2,0,132.75,202.5,162]","{""1"":""0"",""2"":""0""}"
1_bJ4YMih7,"[""ID08.mp4""]",0,[117.931],"[2,6.75,139.5,213.75,175.5]","{""1"":""0"",""2"":""0""}"
1_T8hz6o1j,"[""ID08.mp4""]",0,[119.41],"[2,144,159.75,191.25,153]","{""1"":""0"",""2"":""0""}"
1_aWXrWqEq,"[""ID08.mp4""]",0,"[182.66,186.056]",[],"{""1"":""2""}"
1_EODTjBCJ,"[""ID08.mp4""]",0,[182.993],"[2,432,231.75,96.75,67.5]","{""1"":""2"",""2"":""0""}"
1_9XIaUlAr,"[""ID08.mp4""]",0,[183.868],"[2,447.75,234,94.5,60.75]","{""1"":""2"",""2"":""0""}"
1_nctJN45o,"[""ID08.mp4""]",0,[185.681],"[2,463.5,236.25,81,51.75]","{""1"":""2"",""2"":""0""}"
1_2GiOzFul,"[""ID08.mp4""]",0,"[0.014,25.451]",[],"{""3"":""1""}"
1_jaKnPjdG,"[""ID08.mp4""]",0,"[25.451,194.826]",[],"{""3"":""0""}"
1_lySxhHcc,"[""ID09.mp4""]",0,"[1.66,4.118]",[],"{""1"":""6""}"
1_mSYoPwfb,"[""ID09.mp4""]",0,[1.893],"[2,330.75,177.75,33.75,36]","{""1"":""6"",""2"":""0""}"
1_tX161nps,"[""ID09.mp4""]",0,[2.701],"[2,308.25,168.75,60.75,51.75]","{""1"":""6"",""2"":""0""}"
1_f85t3e8P,"[""ID09.mp4""]",0,[3.701],"[2,290.25,166.5,141.75,105.75]","{""1"":""6"",""2"":""0""}"
1_OQZKzhZk,"[""ID09.mp4""]",0,"[14.002,16.752]",[],"{""1"":""0""}"
1_HXu0qXgK,"[""ID09.mp4""]",0,[14.389],"[2,193.5,177.75,137.25,126]","{""1"":""0"",""2"":""0""}"
1_uWmFv42X,"[""ID09.mp4""]",0,[15.201],"[2,175.5,186.75,141.75,110.25]","{""1"":""0"",""2"":""0""}"
1_qP5bXQLc,"[""ID09.mp4""]",0,[16.326],"[2,56.25,182.25,114.75,94.5]","{""1"":""0"",""2"":""0""}"
1_VEXXseoe,"[""ID09.mp4""]",0,[20.931],"[2,371.25,198,90,47.25]","{""1"":""0"",""2"":""0""}"
1_f5C01KdB,"[""ID09.mp4""]",0,[21.66],"[2,378,202.5,137.25,60.75]","{""1"":""0"",""2"":""0""}"
1_3Xy5c181,"[""ID09.mp4""]",0,[22.326],"[2,364.5,184.5,195.75,101.25]","{""1"":""0"",""2"":""0""}"
1_ySaXP7it,"[""ID09.mp4""]",0,"[44.972,46.576]",[],"{""1"":""4""}"
1_1stfCx5O,"[""ID09.mp4""]",0,[45.368],"[2,292.5,47.25,42.75,24.75]","{""1"":""4"",""2"":""4""}"
1_iYHziXDY,"[""ID09.mp4""]",0,[45.826],"[2,276.75,11.25,45,33.75]","{""1"":""4"",""2"":""4""}"
1_DL3wPCAb,"[""ID09.mp4""]",0,[45.826],"[2,229.5,49.5,42.75,33.75]","{""1"":""4"",""2"":""4""}"
1_9k4Hm3YD,"[""ID09.mp4""]",0,[46.201],"[2,265.5,56.25,51.75,24.75]","{""1"":""4"",""2"":""4""}"
1_pLdAL89B,"[""ID09.mp4""]",0,[46.201],"[2,279,99,29.25,22.5]","{""1"":""4"",""2"":""4""}"
1_J8sgdyGq,"[""ID09.mp4""]",0,"[52.181,57.368]",[],"{""1"":""0""}"
1_o2uV1H1C,"[""ID09.mp4""]",0,[52.576],"[2,344.25,164.25,56.25,51.75]","{""1"":""0"",""2"":""0""}"
1_XTNkXhEm,"[""ID09.mp4""]",0,[54.368],"[2,360,180,33.75,36]","{""1"":""0"",""2"":""0""}"
1_wuiqXQdq,"[""ID09.mp4""]",0,[56.972],"[2,209.25,168.75,74.25,45]","{""1"":""0"",""2"":""0""}"
1_XzxPW24f,"[""ID09.mp4""]",0,"[114.285,116.722]",[],"{""1"":""3""}"
1_usWqNlCT,"[""ID09.mp4""]",0,[114.61],"[2,344.25,99,36,29.25]","{""1"":""3"",""2"":""0""}"
1_gXJIylqX,"[""ID09.mp4""]",0,[115.618],"[2,346.5,101.25,45,36]","{""1"":""3"",""2"":""0""}"
1_3Zg4cadP,"[""ID09.mp4""]",0,[116.347],"[2,348.75,90,81,56.25]","{""1"":""3"",""2"":""0""}"
1_VpBU6SAG,"[""ID09.mp4""]",0,"[134.431,136.076]",[],"{""1"":""0""}"
1_oGbXider,"[""ID09.mp4""]",0,[134.701],"[2,360,144,40.5,38.25]","{""1"":""0"",""2"":""0""}"
1_z3TXy50G,"[""ID09.mp4""]",0,[135.16],"[2,384.75,153,56.25,38.25]","{""1"":""0"",""2"":""0""}"
1_MDJZwfmX,"[""ID09.mp4""]",0,[135.785],"[2,389.25,150.75,99,45]","{""1"":""0"",""2"":""0""}"
1_XhUWWZnd,"[""ID09.mp4""]",0,"[175.201,177.076]",[],"{""1"":""0""}"
1_bIRXMK71,"[""ID09.mp4""]",0,[175.451],"[2,319.5,177.75,47.25,38.25]","{""1"":""0"",""2"":""0""}"
1_PWB4sLmb,"[""ID09.mp4""]",0,[175.868],"[2,321.75,182.25,67.5,40.5]","{""1"":""0"",""2"":""0""}"
1_NAaZJKoH,"[""ID09.mp4""]",0,[176.743],"[2,353.25,186.75,144,58.5]","{""1"":""0"",""2"":""0""}"
1_MisVVo9p,"[""ID09.mp4""]",0,"[184.535,187.243]",[],"{""1"":""6""}"
1_Hfff8iKL,"[""ID09.mp4""]",0,[184.993],"[2,247.5,108,81,56.25]","{""1"":""6"",""2"":""0""}"
1_R9qwrq3d,"[""ID09.mp4""]",0,[185.681],"[2,251.232,108,78.75,67.5]","{""1"":""6"",""2"":""0""}"
1_caspCMrX,"[""ID09.mp4""]",0,[186.91],"[2,209.25,108,159.75,105.75]","{""1"":""6"",""2"":""0""}"
1_XBdytiT2,"[""ID09.mp4""]",0,"[201.889,204.368]",[],"{""1"":""0""}"
1_T9ZGxO5X,"[""ID09.mp4""]",0,[202.172],"[2,308.25,148.5,29.25,42.75]","{""1"":""0"",""2"":""1""}"
1_gaTmdbo5,"[""ID09.mp4""]",0,[202.931],"[2,292.5,150.75,27,40.5]","{""1"":""0"",""2"":""1""}"
1_wetco4uP,"[""ID09.mp4""]",0,[204.035],"[2,252,146.25,29.25,54]","{""1"":""0"",""2"":""1""}"
1_nsXqKtrX,"[""ID09.mp4""]",0,"[227.951,229.472]",[],"{""1"":""2""}"
1_peGAWx7Y,"[""ID09.mp4""]",0,[228.222],"[2,191.25,186.75,45,56.25]","{""1"":""2"",""2"":""1""}"
1_6z2Wj2pw,"[""ID09.mp4""]",0,[228.764],"[2,191.25,195.75,72,67.5]","{""1"":""2"",""2"":""1""}"
1_oi7A0sxQ,"[""ID09.mp4""]",0,[229.222],"[2,211.5,198,96.75,87.75]","{""1"":""2"",""2"":""1""}"
1_XGBa7PYq,"[""ID09.mp4""]",0,"[240.056,241.889]",[],"{""1"":""3""}"
1_qXchOVLw,"[""ID09.mp4""]",0,[240.326],"[2,58.5,173.25,157.5,99]","{""1"":""3"",""2"":""0""}"
1_3SIhfTxt,"[""ID09.mp4""]",0,[240.764],"[2,94.5,166.5,213.75,121.5]","{""1"":""3"",""2"":""0""}"
1_n3X56kAq,"[""ID09.mp4""]",0,[241.576],"[2,198,166.5,290.25,130.5]","{""1"":""3"",""2"":""0""}"
1_Fj4oBSaX,"[""ID09.mp4""]",0,"[252.222,253.243]",[],"{""1"":""3""}"
1_ZAt3yIxz,"[""ID09.mp4""]",0,[252.514],"[2,112.5,150.75,90,137.25]","{""1"":""3"",""2"":""1""}"
1_HPdMUShd,"[""ID09.mp4""]",0,[252.764],"[2,225,168.75,56.25,83.25]","{""1"":""3"",""2"":""1""}"
1_gupFEtmv,"[""ID09.mp4""]",0,[252.951],"[2,247.5,166.5,47.25,72]","{""1"":""3""}"
1_ksfsQX8y,"[""ID09.mp4""]",0,"[262.389,265.41]",[],"{""1"":""3""}"
1_ty53JUEZ,"[""ID09.mp4""]",0,[262.735],"[2,94.5,164.25,171,72]","{""1"":""3"",""2"":""0""}"
1_1pcd6IoJ,"[""ID09.mp4""]",0,[263.451],"[2,81,168.75,207,83.25]","{""1"":""3"",""2"":""0""}"
1_OaKS98tf,"[""ID09.mp4""]",0,[265.139],"[2,294.75,157.5,180,99]","{""1"":""3"",""2"":""0""}"
1_6kYXmtfS,"[""ID09.mp4""]",0,"[281.576,283.701]",[],"{""1"":""0""}"
1_XR8xXpSx,"[""ID09.mp4""]",0,[281.994],"[2,344.25,81,105.75,85.5]","{""1"":""0"",""2"":""0""}"
1_Y1fR9UMx,"[""ID09.mp4""]",0,[282.513],"[2,301.5,90,139.5,94.5]","{""1"":""0"",""2"":""0""}"
1_eppRq7cF,"[""ID09.mp4""]",0,[283.301],"[2,236.25,108,148.5,137.25]","{""1"":""0"",""2"":""0""}"
1_hPCcu3B8,"[""ID09.mp4""]",0,"[310.306,312.306]",[],"{""1"":""0""}"
1_WM586VEf,"[""ID09.mp4""]",0,[310.697],"[2,189,20.25,49.5,47.25]","{""1"":""0"",""2"":""0""}"
1_R6cYHJif,"[""ID09.mp4""]",0,[311.263],"[2,150.75,29.25,94.5,49.5]","{""1"":""0"",""2"":""0""}"
1_s7MWEEwF,"[""ID09.mp4""]",0,[311.801],"[2,40.5,13.5,220.5,128.25]","{""1"":""0"",""2"":""0""}"
1_XzM4z7pE,"[""ID09.mp4""]",0,"[319.681,321.889]",[],"{""1"":""6""}"
1_hKrflJyW,"[""ID09.mp4""]",0,[320.09],"[2,150.75,13.5,56.25,132.75]","{""1"":""6"",""2"":""1""}"
1_9pzJ1EXs,"[""ID09.mp4""]",0,[321.013],"[2,171,22.5,92.25,193.5]","{""1"":""6"",""2"":""1""}"
1_3DqyUOpL,"[""ID09.mp4""]",0,[321.474],"[2,123.75,15.75,148.5,299.25]","{""1"":""6""}"
1_9Kw92t6R,"[""ID09.mp4""]",0,"[348.222,349.701]",[],"{""1"":""6""}"
1_OYkta7UP,"[""ID09.mp4""]",0,[348.485],"[2,279,180,78.75,83.25]","{""1"":""6"",""2"":""0""}"
1_X9IUqvAN,"[""ID09.mp4""]",0,[348.859],"[2,258.75,189,101.25,90]","{""1"":""6"",""2"":""0""}"
1_hXRpZxGX,"[""ID09.mp4""]",0,[349.244],"[2,234,177.75,123.75,105.75]","{""1"":""6"",""2"":""0""}"
1_RadYU8qe,"[""ID09.mp4""]",0,"[360.806,362.264]",[],"{""1"":""2""}"
1_tVpC2fdV,"[""ID09.mp4""]",0,[361.186],"[2,488.25,193.5,96.75,56.25]","{""1"":""2"",""2"":""0""}"
1_eftmO9wC,"[""ID09.mp4""]",0,[361.667],"[2,492.75,166.5,130.5,103.5]","{""1"":""2"",""2"":""0""}"
1_Uoo1PBTS,"[""ID09.mp4""]",0,[361.84],"[2,490.5,171,144,90]","{""1"":""2"",""2"":""0""}"
1_NrFx9bJM,"[""ID09.mp4""]",0,"[441.16,443.764]",[],"{""1"":""2""}"
1_7OB4yPvW,"[""ID09.mp4""]",0,[441.474],"[2,40.5,94.5,182.25,159.75]","{""1"":""2"",""2"":""0""}"
1_v1YfPW2G,"[""ID09.mp4""]",0,[442.167],"[2,157.5,148.5,90,83.25]","{""1"":""2"",""2"":""0""}"
1_XuPc7Ykk,"[""ID09.mp4""]",0,[443.359],"[2,220.5,162,42.75,56.25]","{""1"":""2"",""2"":""0""}"
1_ltNUXEHg,"[""ID09.mp4""]",0,"[1.785,2.785]",[],"{""3"":""2""}"
1_kS6RMyBb,"[""ID09.mp4""]",0,"[0.035,85.681]",[],"{""3"":""0""}"
1_756U3ovZ,"[""ID09.mp4""]",0,"[259.701,269.472]",[],"{""3"":""1""}"
1_Lk4C2W9M,"[""ID09.mp4""]",0,"[269.597,367.097]",[],"{""3"":""0""}"
1_Oh9oXpsn,"[""ID09.mp4""]",0,"[85.681,96.326]",[],"{""3"":""1""}"
1_PZZ4wopd,"[""ID09.mp4""]",0,"[96.326,208.785]",[],"{""3"":""0""}"
1_HPOIf9RX,"[""ID09.mp4""]",0,"[208.785,223.868]",[],"{""3"":""1""}"
1_RzWXGDYc,"[""ID09.mp4""]",0,"[223.868,259.639]",[],"{""3"":""0""}"
1_NJZ2d5vL,"[""ID09.mp4""]",0,"[367.097,379.181]",[],"{""3"":""1""}"
1_vv9f0qxv,"[""ID09.mp4""]",0,"[379.264,400.181]",[],"{""3"":""0""}"
1_Ue9pLgGu,"[""ID09.mp4""]",0,"[400.181,411.306]",[],"{""3"":""1""}"
1_6S8dXxwa,"[""ID09.mp4""]",0,"[411.306,463.639]",[],"{""3"":""0""}"
1_4ThqkkzU,"[""ID09.mp4""]",0,"[20.731,22.648]",[],"{""1"":""0""}"
1_wqCubjW5,"[""ID10.mp4""]",0,"[0.035,24.056]",[],"{""1"":""0""}"
1_ed6kXeXX,"[""ID10.mp4""]",0,[15.368],"[2,380.25,146.25,101.25,51.75]","{""1"":""0"",""2"":""0""}"
1_XvufEDCA,"[""ID10.mp4""]",0,[15.826],"[2,396,148.5,130.5,60.75]","{""1"":""0"",""2"":""0""}"
1_uX1gNZqA,"[""ID10.mp4""]",0,[16.451],"[2,398.25,148.5,218.25,94.5]","{""1"":""0"",""2"":""0""}"
1_38lE6zfO,"[""ID10.mp4""]",0,"[75.056,80.097]",[],"{""1"":""0""}"
1_Ksxd2hwf,"[""ID10.mp4""]",0,[75.535],"[2,299.25,137.25,27,31.5]","{""1"":""0"",""2"":""1""}"
1_OpFJdKlU,"[""ID10.mp4""]",0,[76.014],"[2,306,132.75,24.75,42.75]","{""1"":""0"",""2"":""1""}"
1_W302ohTs,"[""ID10.mp4""]",0,[79.389],"[2,333,141.75,22.5,36]","{""1"":""0"",""2"":""1""}"
1_Hyen8DWM,"[""ID10.mp4""]",0,"[0.014,86.514]",[],"{""3"":""0""}"
1_8IKn0xqG,"[""ID10.mp4""]",0,"[86.514,101.597]",[],"{""3"":""1""}"
1_6VKgcoMc,"[""ID10.mp4""]",0,"[101.597,133.764]",[],"{""3"":""0""}"
1_RqogqXqF,"[""ID11.mp4""]",0,[9.315],"[2,199.636,187.636,125.455,114.546]","{""1"":""0"",""2"":""0""}"
1_rZeXQoyV,"[""ID11.mp4""]",0,[10.561],"[2,126.545,185.455,97.091,103.636]","{""1"":""0"",""2"":""0""}"
1_M5UdaLmH,"[""ID11.mp4""]",0,[11.211],"[2,49.091,185.455,73.091,81.818]","{""1"":""0"",""2"":""0""}"
1_LLcPd9Ai,"[""ID11.mp4""]",0,"[8.305,12.348]",[],"{""1"":""0""}"
1_suPGwXf8,"[""ID11.mp4""]",0,"[18.91,20.597]",[],"{""1"":""5""}"
1_KvsWl02A,"[""ID11.mp4""]",0,[19.336],"[2,377.455,246.545,37.09,30.546]","{""1"":""5"",""2"":""0""}"
1_R3petN9C,"[""ID11.mp4""]",0,[19.856],"[2,392.727,238.909,41.455,39.273]","{""1"":""5"",""2"":""0""}"
1_g3bDlrT6,"[""ID11.mp4""]",0,[20.086],"[2,396,244.364,40.364,34.909]","{""1"":""5"",""2"":""0""}"
1_ayHb2LPV,"[""ID11.mp4""]",0,[31.497],"[2,372,165.818,162.545,86.182]","{""1"":""0"",""2"":""0""}"
1_mDU2XNyk,"[""ID11.mp4""]",0,"[31.497,32.752]",[],"{""1"":""0""}"
1_19cMiv4O,"[""ID11.mp4""]",0,[31.877],"[2,386.182,151.636,197.454,115.637]","{""1"":""0"",""2"":""0""}"
1_ft2F0Gqy,"[""ID11.mp4""]",0,[32.716],"[2,412.364,162.545,154.909,99.273]","{""1"":""0"",""2"":""0""}"
1_4olXTUwI,"[""ID11.mp4""]",0,[52.752],"[2,318.545,189.818,26.182,15.273]","{""1"":""0"",""2"":""0""}"
1_ovDC2JXk,"[""ID11.mp4""]",0,[54.223],"[2,349.091,181.091,78.545,51.273]","{""1"":""0"",""2"":""0""}"
1_mSNSxSUW,"[""ID11.mp4""]",0,[55.086],"[2,397.091,192,207.273,91.636]","{""1"":""0"",""2"":""0""}"
1_Bo2EdpX5,"[""ID11.mp4""]",0,"[52.472,55.472]",[],"{""1"":""0""}"
1_w0rX7nif,"[""ID11.mp4""]",0,[67.044],"[2,314.182,159.273,13.091,26.182]","{""1"":""0"",""2"":""1""}"
1_bVGEl7Xr,"[""ID11.mp4""]",0,[68.75],"[2,256.364,152.727,18.545,48]","{""1"":""0"",""2"":""1""}"
1_DTfBi5n0,"[""ID11.mp4""]",0,[69.69],"[2,206.182,150.545,20.727,57.819]","{""1"":""0"",""2"":""1""}"
1_gPTDgXKS,"[""ID11.mp4""]",0,"[66.764,70.056]",[],"{""1"":""0""}"
1_k69lXm8I,"[""ID11.mp4""]",0,[75.815],"[2,269.455,163.636,17.454,49.091]","{""1"":""0"",""2"":""1""}"
1_NXU4TLYG,"[""ID11.mp4""]",0,[77.669],"[2,277.091,164.727,26.182,72]","{""1"":""2"",""2"":""1""}"
1_A8DajunX,"[""ID11.mp4""]",0,[78.315],"[2,283.636,170.182,29.455,75.273]","{""1"":""2"",""2"":""1""}"
1_j21hQnbW,"[""ID11.mp4""]",0,"[75.514,78.639]",[],"{""1"":""2""}"
1_xKlBMG0I,"[""ID11.mp4""]",0,[93.502],"[2,231.273,189.818,112.363,81.818]","{""1"":""6"",""2"":""0""}"
1_wtNZE8uR,"[""ID11.mp4""]",0,[94.106],"[2,156,182.182,177.818,147.273]","{""1"":""6"",""2"":""0""}"
1_tYAAMX0x,"[""ID11.mp4""]",0,[95.044],"[2,8.727,185.455,226.909,164.727]","{""1"":""6"",""2"":""0""}"
1_PQhJQ0Bm,"[""ID11.mp4""]",0,"[93.097,95.431]",[],"{""1"":""6""}"
1_5LaY4cmD,"[""ID11.mp4""]",0,[109.981],"[2,378.773,89.455,60.863,56.727]","{""1"":""6"",""2"":""0""}"
1_kfpzooRh,"[""ID11.mp4""]",0,[110.752],"[2,303.681,99.387,140.319,76.196]","{""1"":""6"",""2"":""0""}"
1_hbrjN1R0,"[""ID11.mp4""]",0,[111.481],"[2,238.528,87.239,159.654,103.804]","{""1"":""6"",""2"":""0""}"
1_kXGuI9LW,"[""ID11.mp4""]",0,"[109.639,111.847]",[],"{""1"":""0""}"
1_d8ewYTDB,"[""ID11.mp4""]",0,[127.065],"[2,216,206.182,63.273,66.545]","{""1"":""2"",""2"":""1""}"
1_UXXc1l4j,"[""ID11.mp4""]",0,[127.648],"[2,258.545,180,128.728,123.273]","{""1"":""2"",""2"":""1""}"
1_drHXB0YK,"[""ID11.mp4""]",0,[128.086],"[2,374.182,170.182,118.909,133.091]","{""1"":""2"",""2"":""1""}"
1_6knHjI4X,"[""ID11.mp4""]",0,"[126.743,128.347]",[],"{""1"":""2""}"
1_TyxB3XIV,"[""ID11.mp4""]",0,[142.035],"[2,366.626,207.273,101.374,39.272]","{""1"":""0"",""2"":""0""}"
1_cZn46gjO,"[""ID11.mp4""]",0,[142.794],"[2,372,206.503,166.896,68.406]","{""1"":""0"",""2"":""0""}"
1_KXbks6gA,"[""ID11.mp4""]",0,[144.044],"[2,353.455,185.521,231.821,122.577]","{""1"":""0"",""2"":""0""}"
1_ktQkFl5W,"[""ID11.mp4""]",0,"[141.764,144.451]",[],"{""1"":""0""}"
1_fLcswyvC,"[""ID11.mp4""]",0,[156.187],"[2,196.364,28.364,42.545,34.909]","{""1"":""0"",""2"":""0""}"
1_zBQ7zJzo,"[""ID11.mp4""]",0,[156.69],"[2,154.909,21.818,93.818,57.818]","{""1"":""0"",""2"":""0""}"
1_mu1Ppcm0,"[""ID11.mp4""]",0,[157.044],"[2,76.364,27.273,183.272,103.636]","{""1"":""0"",""2"":""0""}"
1_BBT8VX0B,"[""ID11.mp4""]",0,"[155.806,157.347]",[],"{""1"":""0""}"
1_6vRo75Uq,"[""ID11.mp4""]",0,[164.315],"[2,27.273,102.545,194.182,145.091]","{""1"":""2"",""2"":""0""}"
1_pWhyjIdi,"[""ID11.mp4""]",0,[164.919],"[2,157.091,159.273,98.182,87.272]","{""1"":""2"",""2"":""0""}"
1_biOOaOXM,"[""ID11.mp4""]",0,[166.211],"[2,237.818,189.818,37.091,36]","{""1"":""2"",""2"":""0""}"
1_k0GaG67Y,"[""ID11.mp4""]",0,"[163.931,166.701]",[],"{""1"":""2""}"
1_YPkwgWdL,"[""ID11.mp4""]",0,"[0.035,23.243]",[],"{""3"":""0""}"
1_cJnPcNjf,"[""ID11.mp4""]",0,"[73.514,85.701]",[],"{""3"":""1""}"
1_K3v3ojT8,"[""ID11.mp4""]",0,"[85.743,186.951]",[],"{""3"":""0""}"
1_XdIEQXkP,"[""ID11.mp4""]",0,"[23.243,37.931]",[],"{""3"":""1""}"
1_hH4ygJrz,"[""ID11.mp4""]",0,"[37.931,73.451]",[],"{""3"":""0""}"
1_xS41TI1K,"[""ID12.mp4""]",0,[2.231],"[2,317.455,176.727,18.545,26.182]","{""1"":""0"",""2"":""0""}"
1_nIW6qui8,"[""ID12.mp4""]",0,[2.752],"[2,306.545,170.182,38.182,37.091]","{""1"":""0"",""2"":""0""}"
1_KM3JdSOL,"[""ID12.mp4""]",0,[3.544],"[2,288.221,163.636,92.506,81.819]","{""1"":""0"",""2"":""0""}"
1_yAMUSydt,"[""ID12.mp4""]",0,[14.669],"[2,500.727,159.273,132,96]","{""1"":""0"",""2"":""0""}"
1_d6mG1oCt,"[""ID12.mp4""]",0,[14.919],"[2,484.785,150.545,146.871,97.091]","{""1"":""0"",""2"":""0""}"
1_Ew7LmAIY,"[""ID12.mp4""]",0,[15.481],"[2,497.455,160.364,117.818,73.091]","{""1"":""0"",""2"":""0""}"
1_7Qy9Z9zc,"[""ID12.mp4""]",0,"[14.306,15.951]",[],"{""1"":""3""}"
1_A1hnIFVe,"[""ID12.mp4""]",0,[22.815],"[2,192,144,134.182,49.091]","{""1"":""3"",""2"":""0""}"
1_JFVxSJSF,"[""ID12.mp4""]",0,[23.419],"[2,202.909,142.909,236.727,82.909]","{""1"":""3"",""2"":""0""}"
1_RRlpEQdP,"[""ID12.mp4""]",0,[23.877],"[2,255.273,138.545,381.818,150.546]","{""1"":""3"",""2"":""0""}"
1_FzimmM18,"[""ID12.mp4""]",0,"[22.472,24.41]",[],"{""1"":""2""}"
1_UCpsXvCB,"[""ID12.mp4""]",0,[54.201],"[2,302.182,195.273,25.091,52.363]","{""1"":""2"",""2"":""1""}"
1_lMYKaGlN,"[""ID12.mp4""]",0,[54.419],"[2,314.182,196.364,31.636,61.091]","{""1"":""2"",""2"":""1""}"
1_XvKv9X6B,"[""ID12.mp4""]",0,[54.856],"[2,473.455,162.545,57.818,152.728]","{""1"":""2"",""2"":""1""}"
1_LUXg1wou,"[""ID12.mp4""]",0,"[53.743,55.326]",[],"{""1"":""0""}"
1_n9KXRTRk,"[""ID12.mp4""]",0,[61.752],"[2,326.182,183.273,40.363,32.727]","{""1"":""0"",""2"":""0""}"
1_AMSj7L8h,"[""ID12.mp4""]",0,[61.981],"[2,366.545,185.455,93.946,61.09]","{""1"":""0"",""2"":""0""}"
1_B2dpUvRJ,"[""ID12.mp4""]",0,[62.086],"[2,429.818,187.636,185.455,72]","{""1"":""0"",""2"":""0""}"
1_4CIUZI7V,"[""ID12.mp4""]",0,"[61.368,62.502]",[],"{""1"":""0""}"
1_IMyw6YjX,"[""ID12.mp4""]",0,[85.431],"[2,183.273,196.364,233.454,91.636]","{""1"":""0"",""2"":""0""}"
1_UdHCojkf,"[""ID12.mp4""]",0,[86.303],"[2,304.785,188.834,291.942,108.984]","{""1"":""0"",""2"":""0""}"
1_34n7Q9Tz,"[""ID12.mp4""]",0,"[84.118,86.618]",[],"{""1"":""2""}"
1_x4WZfKuw,"[""ID12.mp4""]",0,[84.461],"[2,68.466,198.545,146.871,81.946]","{""1"":""2"",""2"":""0""}"
1_nWwzAxom,"[""ID12.mp4""]",0,[101.877],"[2,483.273,202.909,80.727,48]","{""1"":""2"",""2"":""0""}"
1_8tmRUF0x,"[""ID12.mp4""]",0,[102.231],"[2,493.091,193.091,87.273,62.182]","{""1"":""2"",""2"":""0""}"
1_s5PXcpuE,"[""ID12.mp4""]",0,[102.836],"[2,493.091,168,138.545,103.636]","{""1"":""2"",""2"":""0""}"
1_i0Dyo4FY,"[""ID12.mp4""]",0,"[101.472,103.368]",[],"{""1"":""2""}"
1_BI8x6hDf,"[""ID12.mp4""]",0,[116.231],"[2,145.767,12,118.233,56.466]","{""1"":""2"",""2"":""0""}"
1_XmSSPkHy,"[""ID12.mp4""]",0,[116.502],"[2,170.182,2.182,130.186,68.727]","{""1"":""2"",""2"":""0""}"
1_KqU61RBl,"[""ID12.mp4""]",0,[117.419],"[2,89.448,14.182,202.086,108.395]","{""1"":""2"",""2"":""0""}"
1_pOBdWJGy,"[""ID12.mp4""]",0,"[115.931,117.743]",[],"{""1"":""0""}"
1_VYrhzmTM,"[""ID12.mp4""]",0,"[9.118,25.16]",[],"{""3"":""1""}"
1_j1omJTrs,"[""ID12.mp4""]",0,"[0,9.014]",[],"{""3"":""0""}"
1_v8u8xUY7,"[""ID12.mp4""]",0,"[25.16,149.514]",[],"{""3"":""0""}"
1_tIOBSXFW,"[""ID12.mp4""]",0,"[149.514,163.639]",[],"{""3"":""1""}"
1_yEEhTQXg,"[""ID13.mp4""]",0,[1.877],"[2,218.182,182.182,104.727,38.182]","{""1"":""2"",""2"":""0""}"
1_HiSnyDQt,"[""ID13.mp4""]",0,[2.273],"[2,265.091,180,164.727,61.091]","{""1"":""2"",""2"":""0""}"
1_t3XILJHg,"[""ID13.mp4""]",0,[2.669],"[2,361.091,181.091,214.909,74.182]","{""1"":""2"",""2"":""0""}"
1_9BucKnXV,"[""ID13.mp4""]",0,"[1.667,2.936]",[],"{""1"":""2""}"
1_ejIcMs1H,"[""ID13.mp4""]",0,[8.186],"[2,279.273,165.818,26.182,27.273]","{""1"":""5"",""2"":""0""}"
1_cQWXZsUl,"[""ID13.mp4""]",0,[8.815],"[2,253.091,176.727,39.273,33.818]","{""1"":""5"",""2"":""0""}"
1_XCr1VFkE,"[""ID13.mp4""]",0,[9.273],"[2,144,177.818,105.818,79.637]","{""1"":""5"",""2"":""0""}"
1_ZzXqNqp1,"[""ID13.mp4""]",0,"[7.782,9.686]",[],"{""1"":""5""}"
1_JIryGnaG,"[""ID13.mp4""]",0,[27.086],"[2,314.182,267.273,26.182,31.636]","{""1"":""3"",""2"":""0""}"
1_WHk1a0Wp,"[""ID13.mp4""]",0,[27.711],"[2,311.974,268.364,22.909,27.272]","{""1"":""3"",""2"":""0""}"
1_XMQsJgvK,"[""ID13.mp4""]",0,[28.94],"[2,306.545,271.636,25.091,22.909]","{""1"":""3"",""2"":""0""}"
1_FXJxyexQ,"[""ID13.mp4""]",0,"[26.667,29.34]",[],"{""1"":""3""}"
1_Udo25B8F,"[""ID13.mp4""]",0,[43.044],"[2,373.091,186.545,37.091,34.91]","{""1"":""2"",""2"":""0""}"
1_fX6kkXhQ,"[""ID13.mp4""]",0,[43.231],"[2,385.091,187.636,77.454,54.546]","{""1"":""2"",""2"":""0""}"
1_MTiTZqoq,"[""ID13.mp4""]",0,[43.356],"[2,429.818,182.182,160.364,99.273]","{""1"":""2"",""2"":""0""}"
1_Ci2haeIQ,"[""ID13.mp4""]",0,[54.502],"[2,301.091,185.455,38.182,17.454]","{""1"":""4"",""2"":""4""}"
1_oWKXlnqA,"[""ID13.mp4""]",0,[54.621],"[2,300,188.727,40.364,22.909]","{""1"":""4"",""2"":""4""}"
1_7MkuUUUS,"[""ID13.mp4""]",0,[54.815],"[2,280.364,208.364,75.272,32.727]","{""1"":""4"",""2"":""4""}"
1_XbeXlIrD,"[""ID13.mp4""]",0,"[54.186,55.455]",[],"{""1"":""4""}"
1_60Ew0Q3L,"[""ID13.mp4""]",0,[67.231],"[2,457.091,174.545,55.636,32.728]","{""1"":""2"",""2"":""0""}"
1_KuIokWUg,"[""ID13.mp4""]",0,[68.044],"[2,441.818,172.364,68.727,37.091]","{""1"":""2"",""2"":""0""}"
1_RKiedTvf,"[""ID13.mp4""]",0,[69.148],"[2,445.091,172.364,58.909,30.545]","{""1"":""2"",""2"":""0""}"
1_STGdIwPF,"[""ID13.mp4""]",0,"[66.859,69.763]",[],"{""1"":""2""}"
1_nh10hNlN,"[""ID13.mp4""]",0,[85.252],"[2,304.364,181.091,70.909,62.182]","{""1"":""5"",""2"":""0""}"
1_33jWjcex,"[""ID13.mp4""]",0,[85.544],"[2,332.727,177.818,55.637,61.091]","{""1"":""5"",""2"":""0""}"
1_SRfYW7ax,"[""ID13.mp4""]",0,[86.481],"[2,397.091,175.636,48,60]","{""1"":""5"",""2"":""0""}"
1_O9TymYbJ,"[""ID13.mp4""]",0,"[84.724,87.205]",[],"{""1"":""5""}"
1_0N6PAHGI,"[""ID13.mp4""]",0,[97.836],"[2,253.091,180,56.727,33.818]","{""1"":""0"",""2"":""0""}"
1_csaOkq9m,"[""ID13.mp4""]",0,[98.356],"[2,252,178.909,66.545,40.364]","{""1"":""0"",""2"":""0""}"
1_7Sw0l8E4,"[""ID13.mp4""]",0,[99.231],"[2,226.909,168,72,74.182]","{""1"":""0"",""2"":""0""}"
1_IiDR6guq,"[""ID13.mp4""]",0,[148.377],"[2,322.909,218.182,31.636,36]","{""1"":""6"",""2"":""0""}"
1_IRbzhkMk,"[""ID13.mp4""]",0,[149.231],"[2,294.545,205.091,53.455,49.091]","{""1"":""6"",""2"":""0""}"
1_afY2XjE6,"[""ID13.mp4""]",0,[149.919],"[2,274.909,216,63.273,44.727]","{""1"":""6"",""2"":""0""}"
1_rXqLZEOO,"[""ID13.mp4""]",0,"[147.992,150.356]",[],"{""1"":""6""}"
1_NLBiyfXo,"[""ID13.mp4""]",0,[162.69],"[2,288,170.182,24,30.545]","{""1"":""4"",""2"":""4""}"
1_COGle9L3,"[""ID13.mp4""]",0,[163.002],"[2,266.182,185.455,26.182,29.454]","{""1"":""4"",""2"":""4""}"
1_XZIP0pgy,"[""ID13.mp4""]",0,[163.294],"[2,213.818,204,40.364,48]","{""1"":""4"",""2"":""4""}"
1_jTzL8nnh,"[""ID13.mp4""]",0,"[162.265,163.765]",[],"{""1"":""4""}"
1_mZdxz7fS,"[""ID13.mp4""]",0,[193.648],"[2,248.727,138.545,46.909,51.273]","{""1"":""0"",""2"":""0""}"
1_evd8wni3,"[""ID13.mp4""]",0,[194.69],"[2,161.455,133.091,109.09,70.909]","{""1"":""0"",""2"":""0""}"
1_cQXCf6or,"[""ID13.mp4""]",0,[195.169],"[2,27.273,102.545,224.506,150.546]","{""1"":""0"",""2"":""0""}"
1_8eUWd8zI,"[""ID13.mp4""]",0,"[193.265,195.606]",[],"{""1"":""0""}"
1_qt1Py3XX,"[""ID13.mp4""]",0,"[214.265,216.606]",[],"{""1"":""6""}"
1_bBMnSVoK,"[""ID13.mp4""]",0,[214.669],"[2,391.636,237.818,36,34.909]","{""1"":""6"",""2"":""0""}"
1_0DLz5nb5,"[""ID13.mp4""]",0,[215.294],"[2,332.727,241.091,63.273,39.273]","{""1"":""6"",""2"":""0""}"
1_VUn7WXIX,"[""ID13.mp4""]",0,[216.211],"[2,308.727,242.182,37.091,43.636]","{""1"":""6"",""2"":""0""}"
1_xWJplkqG,"[""ID13.mp4""]",0,[231.356],"[2,329.455,164.727,18.545,31.637]","{""1"":""6"",""2"":""1""}"
1_0XCRBbFX,"[""ID13.mp4""]",0,[232.118],"[2,313.091,165.818,39.273,28.364]","{""1"":""6"",""2"":""1""}"
1_2rQWexMw,"[""ID13.mp4""]",0,[232.586],"[2,306.545,176.727,49.091,22.909]","{""1"":""6"",""2"":""1""}"
1_FjwaPDXC,"[""ID13.mp4""]",0,"[230.947,233.333]",[],"{""1"":""6""}"
1_lpjz2XaJ,"[""ID13.mp4""]",0,[244.94],"[2,342.545,186.545,18.546,33.819]","{""1"":""0"",""2"":""0""}"
1_lGn6aT3l,"[""ID13.mp4""]",0,[245.273],"[2,351.273,187.636,24,33.819]","{""1"":""0"",""2"":""0""}"
1_3MhxmClp,"[""ID13.mp4""]",0,[246.19],"[2,375.273,183.273,21.818,36]","{""1"":""0"",""2"":""0""}"
1_6lA73XVp,"[""ID13.mp4""]",0,"[244.606,246.538]",[],"{""1"":""0""}"
1_mrEEExpk,"[""ID13.mp4""]",0,"[277.379,280.947]",[],"{""1"":""6""}"
1_ZQubNFcN,"[""ID13.mp4""]",0,[277.836],"[2,200.727,206.182,61.091,57.818]","{""1"":""6"",""2"":""0""}"
1_8Vs6Ukhj,"[""ID13.mp4""]",0,[279.565],"[2,90.545,202.909,130.91,55.636]","{""1"":""6"",""2"":""0""}"
1_8nwtLfFf,"[""ID13.mp4""]",0,[280.419],"[2,348,198.545,133.091,98.182]","{""1"":""6"",""2"":""0""}"
1_mvTQeD9Q,"[""ID13.mp4""]",0,[348.294],"[2,305.455,165.818,72,67.637]","{""1"":""6"",""2"":""0""}"
1_rvgGXgmF,"[""ID13.mp4""]",0,[349.19],"[2,257.455,170.182,122.181,60]","{""1"":""6"",""2"":""0""}"
1_0X0lDHSd,"[""ID13.mp4""]",0,[350.377],"[2,342.545,168,94.91,81.818]","{""1"":""6"",""2"":""0""}"
1_OaVOF3X2,"[""ID13.mp4""]",0,"[347.765,350.902]",[],"{""1"":""6""}"
1_g9pydyKc,"[""ID13.mp4""]",0,[491.169],"[2,266.182,49.091,349.091,171.273]","{""1"":""3"",""2"":""0""}"
1_J6iGTGpa,"[""ID13.mp4""]",0,[492.648],"[2,202.909,44.727,398.182,250.12]","{""1"":""3"",""2"":""0""}"
1_DeRJ7wpX,"[""ID13.mp4""]",0,[494.002],"[2,137.455,6.626,447.272,290.429]","{""1"":""3"",""2"":""0""}"
1_50er1Qxg,"[""ID13.mp4""]",0,"[490.697,494.583]",[],"{""1"":""3""}"
1_jJnaQGZt,"[""ID13.mp4""]",0,[559.84],"[2,17.455,353.455,0,1.09]","{""3"":""0""}"
1_4F2VpQjJ,"[""ID13.mp4""]",0,"[23.431,52.139]",[],"{""3"":""0""}"
1_FjZiK34X,"[""ID13.mp4""]",0,"[52.201,64.076]",[],"{""3"":""1""}"
1_ZkEnazrI,"[""ID13.mp4""]",0,"[140.076,305.785]",[],"{""3"":""0""}"
1_ZDgWqiPU,"[""ID13.mp4""]",0,[559.84],"[2,364.364,209.455,1.091,1.09]","{""3"":""1""}"
1_CuLmss2H,"[""ID13.mp4""]",0,[559.84],"[2,365.455,213.818,0,1.091]","{""3"":""0""}"
1_QsdpgNmR,"[""ID13.mp4""]",0,[559.84],"[2,365.455,213.818,1.09,2.182]","{""3"":""0""}"
1_XsgLP7Vu,"[""ID13.mp4""]",0,[559.84],"[2,150.545,313.091,1.091,0]","{""3"":""0""}"
1_yJXJZ4Cp,"[""ID13.mp4""]",0,[559.84],"[2,353.455,325.091,0,1.091]","{""3"":""0""}"
1_5tAWW3bZ,"[""ID13.mp4""]",0,[559.84],"[2,366.75,213.75,2.25,0]","{""1"":""3""}"
1_GdcKHrqb,"[""ID13.mp4""]",0,[559.84],"[2,362.25,209.25,0,2.25]","{""1"":""3""}"
1_wY0faerr,"[""ID13.mp4""]",0,"[0,11.639]",[],"{""3"":""0""}"
1_QxKscwLL,"[""ID13.mp4""]",0,"[11.639,23.347]",[],"{""3"":""1""}"
1_sI4cFYUG,"[""ID13.mp4""]",0,"[64.076,119.785]",[],"{""3"":""0""}"
1_X9QcFOJN,"[""ID13.mp4""]",0,"[119.785,140.035]",[],"{""3"":""1""}"
1_IV61W2w8,"[""ID13.mp4""]",0,"[305.847,361.806]",[],"{""3"":""1""}"
1_HsdzGWQE,"[""ID13.mp4""]",0,"[361.847,441.806]",[],"{""3"":""0""}"
1_RdAi0qoj,"[""ID13.mp4""]",0,"[441.806,542.181]",[],"{""3"":""1""}"
1_VTRXr7uf,"[""ID13.mp4""]",0,"[42.898,43.648]",[],"{""1"":""2""}"
1_0kdPWtRX,"[""ID13.mp4""]",0,"[97.586,99.69]",[],"{""1"":""0""}"
1_BQ9fLrS7,"[""ID14.mp4""]",0,[42.315],"[2,334.909,19.636,293.455,164.781]","{""1"":""0"",""2"":""0""}"
1_qNJzXH9T,"[""ID14.mp4""]",0,[43.023],"[2,217.091,12,283.636,221.455]","{""1"":""0"",""2"":""0""}"
1_ruQYXJ6y,"[""ID14.mp4""]",0,[43.836],"[2,84,4.364,271.636,269.454]","{""1"":""0"",""2"":""0""}"
1_Qc2I2yJq,"[""ID14.mp4""]",0,"[42.056,44.326]",[],"{""1"":""0""}"
1_YBRzHxW8,"[""ID14.mp4""]",0,[95.148],"[2,447.273,177.818,25.091,30.546]","{""1"":""0"",""2"":""0""}"
1_wlHe80hJ,"[""ID14.mp4""]",0,[95.898],"[2,436.364,186.545,37.091,28.364]","{""1"":""0"",""2"":""0""}"
1_wNkUXGaj,"[""ID14.mp4""]",0,[96.544],"[2,426.545,180,49.091,40.364]","{""1"":""0"",""2"":""0""}"
1_ngI9GmF9,"[""ID14.mp4""]",0,"[94.847,96.847]",[],"{""1"":""0""}"
1_YyIBs6LW,"[""ID14.mp4""]",0,"[37.764,53.118]",[],"{""3"":""1""}"
1_kngX7imX,"[""ID14.mp4""]",0,"[0,37.701]",[],"{""3"":""0""}"
1_FcIjaM0g,"[""ID14.mp4""]",0,"[53.16,168.014]",[],"{""3"":""0""}"
1_dJahqXIu,"[""ID15.mp4""]",0,"[1.639,3.91]",[],"{""1"":""6""}"
1_5ws003Vq,"[""ID15.mp4""]",0,[1.993],"[2,292.5,153,76.5,58.5]","{""1"":""6"",""2"":""0""}"
1_tvXGyxWk,"[""ID15.mp4""]",0,[2.514],"[2,288,146.25,90,83.25]","{""1"":""6"",""2"":""0""}"
1_3XeTFkCz,"[""ID15.mp4""]",0,[3.493],"[2,252,153,157.5,121.5]","{""1"":""6"",""2"":""0""}"
1_pXkxq64M,"[""ID15.mp4""]",0,"[119.847,121.431]",[],"{""1"":""0""}"
1_ZhaJX8xI,"[""ID15.mp4""]",0,[120.118],"[2,281.25,186.75,92.25,78.75]","{""1"":""0"",""2"":""0""}"
1_AfB8yguI,"[""ID15.mp4""]",0,[120.576],"[2,326.25,189,85.5,76.5]","{""1"":""0"",""2"":""0""}"
1_HnU3WEwJ,"[""ID15.mp4""]",0,[121.243],"[2,438.75,186.75,94.5,65.25]","{""1"":""0"",""2"":""0""}"
1_9Cj6B6z2,"[""ID15.mp4""]",0,"[144.931,147.722]",[],"{""1"":""0""}"
1_BiIee652,"[""ID15.mp4""]",0,[145.306],"[2,207,137.25,63,49.5]","{""1"":""0"",""2"":""0""}"
1_QqWhoEVj,"[""ID15.mp4""]",0,[146.682],"[2,258.75,146.25,63,47.25]","{""1"":""0"",""2"":""0""}"
1_bjQM5jLi,"[""ID15.mp4""]",0,[147.347],"[2,279,148.5,51.75,40.5]","{""1"":""0"",""2"":""0""}"
1_kjzjV81x,"[""ID15.mp4""]",0,"[195.306,197.556]",[],"{""1"":""2""}"
1_Nir9UcXA,"[""ID15.mp4""]",0,[195.591],"[2,121.5,168.75,60.75,65.25]","{""1"":""2"",""2"":""1""}"
1_PpK4DMhT,"[""ID15.mp4""]",0,[196.368],"[2,166.5,153,110.25,110.25]","{""1"":""2"",""2"":""1""}"
1_1aoCzMr9,"[""ID15.mp4""]",0,[197.201],"[2,382.5,144,81,130.5]","{""1"":""2"",""2"":""1""}"
1_aFWbreeH,"[""ID15.mp4""]",0,"[254.868,256.931]",[],"{""1"":""5""}"
1_XCcXPeYZ,"[""ID15.mp4""]",0,[255.222],"[2,18,191.25,222.75,123.75]","{""1"":""5""}"
1_UhBSEU9c,"[""ID15.mp4""]",0,[255.681],"[2,101.25,213.75,162,81]","{""1"":""5""}"
1_hyDF68xm,"[""ID15.mp4""]",0,[256.493],"[2,184.5,200.25,96.75,74.25]","{""1"":""5""}"
1_XVWn4hnH,"[""ID15.mp4""]",0,"[300.597,302.868]",[],"{""1"":""0""}"
1_DmDhhDap,"[""ID15.mp4""]",0,[300.818],"[2,346.5,245.25,83.25,47.25]","{""1"":""0""}"
1_Cv4jUDOU,"[""ID15.mp4""]",0,[301.472],"[2,328.5,238.5,96.75,60.75]","{""1"":""0""}"
1_V3wcGI9B,"[""ID15.mp4""]",0,[302.556],"[2,297,225,101.25,76.5]","{""1"":""0""}"
1_YWCnpFGT,"[""ID15.mp4""]",0,"[191.014,207.451]",[],"{""3"":""0""}"
1_q9tLv3Z7,"[""ID15.mp4""]",0,"[0,15.014]",[],"{""3"":""0""}"
1_TWiDGsbx,"[""ID15.mp4""]",0,"[15.076,44.681]",[],"{""3"":""1""}"
1_M5NsmyCS,"[""ID15.mp4""]",0,"[44.785,103.035]",[],"{""3"":""0""}"
1_VuRDbYvP,"[""ID15.mp4""]",0,"[103.035,190.889]",[],"{""3"":""1""}"
1_11q0EXhe,"[""ID15.mp4""]",0,"[207.535,212.41]",[],"{""3"":""1""}"
1_ZEtOgWIC,"[""ID15.mp4""]",0,"[212.451,347.618]",[],"{""3"":""0""}"
1_YCEkyYKq,"[""ID15.mp4""]",0,"[347.66,377.326]",[],"{""3"":""1""}"
1_qeCAikos,"[""ID16.mp4""]",0,[5.972],"[2,126,159.75,47.25,58.5]","{""1"":""3"",""2"":""1""}"
1_annU2wd0,"[""ID16.mp4""]",0,"[5.514,7.66]",[],"{""1"":""3""}"
1_XbbRwoHu,"[""ID16.mp4""]",0,[6.618],"[2,123.75,166.5,85.5,81]","{""1"":""3"",""2"":""1""}"
1_lnYDkDun,"[""ID16.mp4""]",0,[7.306],"[2,220.5,157.5,110.25,117]","{""1"":""3"",""2"":""1""}"
1_9XZU1zGS,"[""ID16.mp4""]",0,"[17.16,19.951]",[],"{""1"":""3""}"
1_BXVPLGFH,"[""ID16.mp4""]",0,[17.451],"[2,411.75,173.25,83.25,137.25]","{""1"":""3"",""2"":""1""}"
1_Zu2E3OKp,"[""ID16.mp4""]",0,[18.326],"[2,315,171,29.25,47.25]","{""1"":""3"",""2"":""1""}"
1_Gr0ctJtn,"[""ID16.mp4""]",0,[19.576],"[2,312.75,166.5,22.5,31.5]","{""1"":""3"",""2"":""1""}"
1_uoqygjII,"[""ID16.mp4""]",0,"[41.556,46.514]",[],"{""1"":""3""}"
1_qG5DeUqy,"[""ID16.mp4""]",0,[42.14],"[2,389.25,159.75,49.5,47.25]","{""1"":""3"",""2"":""0""}"
1_Oo4bIKnW,"[""ID16.mp4""]",0,[43.535],"[2,418.5,155.25,56.25,78.75]","{""1"":""3"",""2"":""0""}"
1_aYtDhNdg,"[""ID16.mp4""]",0,[45.722],"[2,193.5,139.5,180,150.75]","{""1"":""3"",""2"":""0""}"
1_j9s534Hu,"[""ID16.mp4""]",0,"[5.806,6.806]",[],"{""3"":""3""}"
1_jxITiSyO,"[""ID16.mp4""]",0,"[41.451,68.285]",[],"{""3"":""0""}"
1_yZJ82PZO,"[""ID16.mp4""]",0,"[0,36.389]",[],"{""3"":""0""}"
1_AB6ABKST,"[""ID16.mp4""]",0,"[36.451,41.347]",[],"{""3"":""1""}"
1_9pTaMaXX,"[""ID17.mp4""]",0,"[17.993,21.014]",[],"{""1"":""0""}"
1_BeZ4FTCX,"[""ID17.mp4""]",0,[19.181],"[2,418.5,159.75,173.25,83.25]","{""1"":""0"",""2"":""0""}"
1_HkIy8193,"[""ID17.mp4""]",0,[20.618],"[2,198,148.5,202.5,81]","{""1"":""0"",""2"":""0""}"
1_4NiaHrOr,"[""ID17.mp4""]",0,"[52.701,55.389]",[],"{""1"":""4""}"
1_LPujo1uU,"[""ID17.mp4""]",0,[53.234],"[2,126,229.5,27,36]","{""1"":""4"",""2"":""4""}"
1_0T1AxEkf,"[""ID17.mp4""]",0,[54.201],"[2,166.5,254.25,40.5,40.5]","{""1"":""4"",""2"":""4""}"
1_QPsEz3pP,"[""ID17.mp4""]",0,[54.993],"[2,218.25,267.75,54,58.5]","{""1"":""4"",""2"":""4""}"
1_IhUgBxdl,"[""ID17.mp4""]",0,"[3.899,4.899]",[],"{""3"":""4""}"
1_H3Xuq53W,"[""ID17.mp4""]",0,"[0.056,91.306]",[],"{""3"":""0""}"
1_XvoXloYG,"[""ID17.mp4""]",0,[18.368],"[2,461.595,166.748,175.583,108.221]","{""1"":""0"",""2"":""0""}"
1_38m2H8z7,"[""ID18.mp4""]",0,"[42.493,45.389]",[],"{""1"":""6""}"
1_i5dgXw0g,"[""ID18.mp4""]",0,[42.91],"[2,108,155.25,157.5,135]","{""1"":""6"",""2"":""0""}"
1_56y0zjdN,"[""ID18.mp4""]",0,[43.993],"[2,139.5,157.5,128.25,119.25]","{""1"":""6"",""2"":""0""}"
1_FaS5vfho,"[""ID18.mp4""]",0,[45.014],"[2,173.25,177.75,101.25,76.5]","{""1"":""6"",""2"":""0""}"
1_TXsiWMm3,"[""ID18.mp4""]",0,"[63.868,66.722]",[],"{""1"":""2""}"
1_ypcc0oDu,"[""ID18.mp4""]",0,[64.556],"[2,11.25,229.5,238.5,81]","{""1"":""2"",""2"":""0""}"
1_eihYhyml,"[""ID18.mp4""]",0,[65.118],"[2,67.5,211.5,207,96.75]","{""1"":""2"",""2"":""0""}"
1_XXJgXDgS,"[""ID18.mp4""]",0,[65.806],"[2,96.75,209.25,207,99]","{""1"":""2"",""2"":""0""}"
1_Tqj2vJQc,"[""ID18.mp4""]",0,"[76.139,79.389]",[],"{""1"":""0""}"
1_Z2z63ut6,"[""ID18.mp4""]",0,[76.493],"[2,189,184.5,96.75,76.5]","{""1"":""0"",""2"":""0""}"
1_XSo2CDQL,"[""ID18.mp4""]",0,[77.368],"[2,150.75,191.25,117,72]","{""1"":""0"",""2"":""0""}"
1_JHnTweGj,"[""ID18.mp4""]",0,[79.118],"[2,159.75,168.75,153,110.25]","{""1"":""0"",""2"":""0""}"
1_sJMuiq3c,"[""ID18.mp4""]",0,"[53.618,69.431]",[],"{""3"":""1""}"
1_WHQ1zGOg,"[""ID18.mp4""]",0,"[0.035,53.576]",[],"{""3"":""0""}"
1_OBuX7ega,"[""ID18.mp4""]",0,"[69.451,87.285]",[],"{""3"":""0""}"
1_rD8PRBLV,"[""ID19.mp4""]",0,"[27.639,28.951]",[],"{""1"":""2""}"
1_93dXaIJP,"[""ID19.mp4""]",0,[27.993],"[2,15.75,204.75,166.5,105.75]","{""1"":""2"",""2"":""0""}"
1_DbS2EAXD,"[""ID19.mp4""]",0,[28.243],"[2,171,222.75,63,65.25]","{""1"":""2"",""2"":""0""}"
1_oExdHesS,"[""ID19.mp4""]",0,[28.66],"[2,225,234,45,33.75]","{""1"":""2"",""2"":""0""}"
1_U6ggAq4G,"[""ID19.mp4""]",0,"[46.181,48.389]",[],"{""1"":""0""}"
1_CVET2KQh,"[""ID19.mp4""]",0,[46.389],"[2,182.25,182.25,42.75,40.5]","{""1"":""0"",""2"":""0""}"
1_zVmRlHt6,"[""ID19.mp4""]",0,[47.243],"[2,128.25,173.25,96.75,60.75]","{""1"":""0"",""2"":""0""}"
1_iCx9yXOX,"[""ID19.mp4""]",0,[48.139],"[2,110.25,164.25,256.5,110.25]","{""1"":""0"",""2"":""0""}"
1_675jMynh,"[""ID19.mp4""]",0,"[88.972,90.618]",[],"{""1"":""2""}"
1_t2YCVTqF,"[""ID19.mp4""]",0,[89.389],"[2,92.25,182.25,92.25,137.25]","{""1"":""2"",""2"":""1""}"
1_a4rxHM3T,"[""ID19.mp4""]",0,[89.785],"[2,153,191.25,54,90]","{""1"":""2"",""2"":""1""}"
1_XQxxzU3C,"[""ID19.mp4""]",0,[90.264],"[2,159.75,200.25,45,63]","{""1"":""2"",""2"":""1""}"
1_2astkOPF,"[""ID19.mp4""]",0,"[128.847,131.264]",[],"{""1"":""3""}"
1_xfS3Lxbu,"[""ID19.mp4""]",0,[129.306],"[2,173.25,153,96.75,45]","{""1"":""3"",""2"":""0""}"
1_OemiwfwO,"[""ID19.mp4""]",0,[129.764],"[2,126,153,126,54]","{""1"":""3"",""2"":""0""}"
1_apopyThy,"[""ID19.mp4""]",0,[130.847],"[2,90,166.5,236.25,85.5]","{""1"":""3"",""2"":""0""}"
1_Sk6kuc39,"[""ID19.mp4""]",0,"[137.097,138.66]",[],"{""1"":""2""}"
1_MTzSU1cY,"[""ID19.mp4""]",0,[137.431],"[2,303.75,162,36,45]","{""1"":""2"",""2"":""2""}"
1_sxdkimGx,"[""ID19.mp4""]",0,[137.889],"[2,333,175.5,38.25,47.25]","{""1"":""2"",""2"":""2""}"
1_bS55lcJV,"[""ID19.mp4""]",0,[138.201],"[2,364.5,168.75,49.5,72]","{""1"":""2"",""2"":""2""}"
1_62LiXBeC,"[""ID19.mp4""]",0,"[160.535,162.764]",[],"{""1"":""0""}"
1_nbxOI0UG,"[""ID19.mp4""]",0,[160.785],"[2,159.75,193.5,42.75,63]","{""1"":""0"",""2"":""1""}"
1_fm4nVipb,"[""ID19.mp4""]",0,[161.368],"[2,155.25,200.25,51.75,67.5]","{""1"":""0"",""2"":""1""}"
1_iHrv9Rr7,"[""ID19.mp4""]",0,[162.368],"[2,166.5,186.75,65.25,101.25]","{""1"":""0"",""2"":""1""}"
1_00mYHZAd,"[""ID19.mp4""]",0,"[197.014,198.243]",[],"{""1"":""6""}"
1_vtwjdEhg,"[""ID19.mp4""]",0,[197.347],"[2,263.208,87.75,76.5,67.5]","{""1"":""6"",""2"":""0""}"
1_HW77x639,"[""ID19.mp4""]",0,[197.681],"[2,324,78.75,103.5,103.5]","{""1"":""6"",""2"":""0""}"
1_q0pIh58A,"[""ID19.mp4""]",0,[197.868],"[2,373.5,60.75,159.75,162]","{""1"":""6"",""2"":""0""}"
1_VPJHx6dn,"[""ID19.mp4""]",0,"[215.222,216.868]",[],"{""1"":""4""}"
1_8OYAgjdx,"[""ID19.mp4""]",0,[215.639],"[2,378,182.25,31.5,31.5]","{""1"":""4"",""2"":""4""}"
1_omxt0l2u,"[""ID19.mp4""]",0,[216.035],"[2,402.75,189,24.75,31.5]","{""1"":""4"",""2"":""4""}"
1_bYvUhbFX,"[""ID19.mp4""]",0,[216.618],"[2,450,211.5,45,45]","{""1"":""4"",""2"":""4""}"
1_P12R3XXz,"[""ID19.mp4""]",0,"[230.264,232.243]",[],"{""1"":""5""}"
1_dkQVDAcX,"[""ID19.mp4""]",0,[230.639],"[2,243,177.75,38.25,36]","{""1"":""5""}"
1_CAyjGQjy,"[""ID19.mp4""]",0,[231.347],"[2,202.5,171,69.75,63]","{""1"":""5""}"
1_yCbANsXY,"[""ID19.mp4""]",0,[231.972],"[2,110.25,177.75,132.75,101.25]","{""1"":""5""}"
1_4WuSvR0Y,"[""ID19.mp4""]",0,"[27.847,28.847]",[],"{""3"":""5""}"
1_jvQNNQjl,"[""ID19.mp4""]",0,"[82.16,166.326]",[],"{""3"":""0""}"
1_ZPQ9Hxep,"[""ID19.mp4""]",0,"[185.326,248.681]",[],"{""3"":""0""}"
1_4n6lcmCE,"[""ID19.mp4""]",0,"[0,73.535]",[],"{""3"":""0""}"
1_xt5rNOSq,"[""ID19.mp4""]",0,"[73.576,82.097]",[],"{""3"":""1""}"
1_6sdL2h9q,"[""ID19.mp4""]",0,"[166.326,185.222]",[],"{""3"":""1""}"
1_4fm1O1n5,"[""ID20.mp4""]",0,"[0.806,3.076]",[],"{""1"":""6""}"
1_IGof6pO0,"[""ID20.mp4""]",0,[1.222],"[2,346.5,202.5,24.75,40.5]","{""1"":""6"",""2"":""1""}"
1_0pYCifbA,"[""ID20.mp4""]",0,[1.868],"[2,342,200.25,36,47.25]","{""1"":""6"",""2"":""1""}"
1_rmTXpptM,"[""ID20.mp4""]",0,[2.639],"[2,427.5,184.5,69.75,123.75]","{""1"":""6"",""2"":""1""}"
1_miLyBujm,"[""ID20.mp4""]",0,"[8.243,9.847]",[],"{""1"":""2""}"
1_PYVtAmFZ,"[""ID20.mp4""]",0,[8.514],"[2,384.75,164.25,45,60.75]","{""1"":""2"",""2"":""1""}"
1_YjFVPAMF,"[""ID20.mp4""]",0,[9.118],"[2,364.5,159.75,67.5,92.25]","{""1"":""2"",""2"":""1""}"
1_4Ax7McWt,"[""ID20.mp4""]",0,[9.493],"[2,321.75,130.5,108,148.5]","{""1"":""2"",""2"":""1""}"
1_lHE1xiYJ,"[""ID20.mp4""]",0,"[14.669,16.336]",[],"{""1"":""0""}"
1_YHvXd3A6,"[""ID20.mp4""]",0,[15.097],"[2,168.75,171,105.75,51.75]","{""1"":""0"",""2"":""0""}"
1_79bYBJiL,"[""ID20.mp4""]",0,[15.576],"[2,94.5,157.5,164.25,103.5]","{""1"":""0"",""2"":""0""}"
1_Ab57uktr,"[""ID20.mp4""]",0,[15.951],"[2,0,144,238.5,126]","{""1"":""0"",""2"":""0""}"
1_kKjRSun1,"[""ID20.mp4""]",0,"[42.993,44.806]",[],"{""1"":""5""}"
1_j22JWGDX,"[""ID20.mp4""]",0,[43.264],"[2,306,155.25,40.5,36]","{""1"":""5"",""2"":""0""}"
1_vClfbQ9Q,"[""ID20.mp4""]",0,[43.951],"[2,308.25,144,65.25,56.25]","{""1"":""5"",""2"":""0""}"
1_Q4RMqgqc,"[""ID20.mp4""]",0,[44.41],"[2,324,153,94.5,58.5]","{""1"":""5"",""2"":""0""}"
1_0Vwk1ReF,"[""ID20.mp4""]",0,"[49.118,50.431]",[],"{""1"":""4""}"
1_XTeDdNjp,"[""ID20.mp4""]",0,[49.493],"[2,245.25,245.25,36,27]","{""1"":""4"",""2"":""4""}"
1_uPJByPoL,"[""ID20.mp4""]",0,[49.847],"[2,213.75,258.75,40.5,31.5]","{""1"":""4"",""2"":""4""}"
1_KPg7kZY3,"[""ID20.mp4""]",0,[50.035],"[2,137.25,258.75,63,49.5]","{""1"":""4"",""2"":""4""}"
1_bNUbNXDe,"[""ID20.mp4""]",0,[60.556],"[2,267.75,171,123.75,112.5]","{""1"":""6"",""2"":""0""}"
1_NSZrC3qt,"[""ID20.mp4""]",0,[61.326],"[2,270,182.25,135,103.5]","{""1"":""6"",""2"":""0""}"
1_XVX120X0,"[""ID20.mp4""]",0,[62.243],"[2,247.5,157.5,180,168.75]","{""1"":""6"",""2"":""0""}"
1_wZLXW6Xt,"[""ID20.mp4""]",0,"[60.347,63.472]",[],"{""1"":""6""}"
1_FBq4GH38,"[""ID20.mp4""]",0,"[74.576,76.681]",[],"{""1"":""2""}"
1_N6mU0Ltk,"[""ID20.mp4""]",0,[74.931],"[2,324,155.25,130.5,63]","{""1"":""2"",""2"":""0""}"
1_sbNRLUYf,"[""ID20.mp4""]",0,[75.785],"[2,74.25,139.5,222.75,90]","{""1"":""2"",""2"":""0""}"
1_WkHZMjta,"[""ID20.mp4""]",0,[75.972],"[2,18,135,254.25,108]","{""1"":""2"",""2"":""0""}"
1_NOZF3A1e,"[""ID20.mp4""]",0,"[86.16,87.868]",[],"{""1"":""5""}"
1_1vyzeuw7,"[""ID20.mp4""]",0,[86.563],"[2,337.5,180,54,45]","{""1"":""5"",""2"":""0""}"
1_aiqlA7Bk,"[""ID20.mp4""]",0,[86.91],"[2,355.5,180,72,54]","{""1"":""5"",""2"":""0""}"
1_ND0SQpX3,"[""ID20.mp4""]",0,[87.264],"[2,380.25,186.75,159.75,99]","{""1"":""5"",""2"":""0""}"
1_4IIMoPnT,"[""ID20.mp4""]",0,"[99.306,100.826]",[],"{""1"":""4""}"
1_OGSHdb4n,"[""ID20.mp4""]",0,[99.66],"[2,382.5,191.25,22.5,20.25]","{""1"":""4"",""2"":""4""}"
1_ydtbJxXN,"[""ID20.mp4""]",0,[99.66],"[2,432,200.25,27,27]","{""1"":""4"",""2"":""4""}"
1_7jlXeACr,"[""ID20.mp4""]",0,[99.931],"[2,393.75,193.5,31.5,27]","{""1"":""4"",""2"":""4""}"
1_P9c0WLk5,"[""ID20.mp4""]",0,[99.931],"[2,463.5,209.25,31.5,31.5]","{""1"":""4"",""2"":""4""}"
1_1g0oM2XB,"[""ID20.mp4""]",0,[100.285],"[2,510.75,227.25,51.75,49.5]","{""1"":""4"",""2"":""4""}"
1_OepIdrEX,"[""ID20.mp4""]",0,[100.285],"[2,414,202.5,45,27]","{""1"":""4"",""2"":""4""}"
1_nTsXM472,"[""ID20.mp4""]",0,[100.285],"[2,391.5,236.25,40.5,22.5]","{""1"":""4"",""2"":""4""}"
1_Uk3pjJNz,"[""ID20.mp4""]",0,"[102.701,105.451]",[],"{""1"":""4""}"
1_G2t7EP0D,"[""ID20.mp4""]",0,[103.16],"[2,391.5,173.25,31.5,36]","{""1"":""4"",""2"":""4""}"
1_Tp49aS7X,"[""ID20.mp4""]",0,[104.118],"[2,342,180,45,29.25]","{""1"":""4"",""2"":""4""}"
1_o4zlrvdZ,"[""ID20.mp4""]",0,[105.076],"[2,265.5,186.75,36,38.25]","{""1"":""4"",""2"":""4""}"
1_29ULxAqn,"[""ID20.mp4""]",0,"[110.222,111.972]",[],"{""1"":""4""}"
1_VmsxAZFX,"[""ID20.mp4""]",0,[110.679],"[2,355.5,155.25,36,29.25]","{""1"":""4"",""2"":""4""}"
1_nj2B4IlX,"[""ID20.mp4""]",0,[111.16],"[2,389.25,155.25,81,54]","{""1"":""4"",""2"":""4""}"
1_HfBiQSJX,"[""ID20.mp4""]",0,[111.431],"[2,434.25,166.5,150.75,90]","{""1"":""4"",""2"":""4""}"
1_3xbhpLGH,"[""ID20.mp4""]",0,"[118.16,120.514]",[],"{""1"":""0""}"
1_ZHD14SaZ,"[""ID20.mp4""]",0,[118.514],"[2,315,195.75,74.25,49.5]","{""1"":""0"",""2"":""0""}"
1_NaNA3zeF,"[""ID20.mp4""]",0,[119.243],"[2,317.25,195.75,49.5,40.5]","{""1"":""0"",""2"":""0""}"
1_r5vbZ31O,"[""ID20.mp4""]",0,[120.118],"[2,357.75,191.25,54,47.25]","{""1"":""0"",""2"":""0""}"
1_HwxdCikb,"[""ID20.mp4""]",0,"[128.66,131.264]",[],"{""1"":""3""}"
1_XPeVAkpA,"[""ID20.mp4""]",0,[129.181],"[2,344.25,195.75,49.5,42.75]","{""1"":""3"",""2"":""0""}"
1_2Tv1EpBx,"[""ID20.mp4""]",0,[129.91],"[2,335.25,166.5,110.25,69.75]","{""1"":""3"",""2"":""0""}"
1_TVnk03mq,"[""ID20.mp4""]",0,[130.493],"[2,220.5,130.5,339.75,171]","{""1"":""3"",""2"":""0""}"
1_XFjb4WMR,"[""ID20.mp4""]",0,"[164.931,167.972]",[],"{""1"":""2""}"
1_mnxdisQL,"[""ID20.mp4""]",0,[165.388],"[2,4.5,146.25,218.25,130.5]","{""1"":""2"",""2"":""0""}"
1_sCB2DJiK,"[""ID20.mp4""]",0,[166.035],"[2,87.75,159.75,191.25,105.75]","{""1"":""2"",""2"":""0""}"
1_uvCXSsX6,"[""ID20.mp4""]",0,[167.264],"[2,180,159.75,144,96.75]","{""1"":""2"",""2"":""0""}"
1_N1kO9cm2,"[""ID20.mp4""]",0,"[182.556,184.931]",[],"{""1"":""3""}"
1_xaxY8XpV,"[""ID20.mp4""]",0,[183.035],"[2,324,200.25,51.75,42.75]","{""1"":""3"",""2"":""0""}"
1_vMBUzIKJ,"[""ID20.mp4""]",0,[183.535],"[2,346.5,202.5,47.25,47.25]","{""1"":""3"",""2"":""0""}"
1_tm5nB7jq,"[""ID20.mp4""]",0,[184.264],"[2,382.5,209.25,99,69.75]","{""1"":""3"",""2"":""0""}"
1_Ey1I6cLF,"[""ID20.mp4""]",0,"[202.181,206.66]",[],"{""1"":""2""}"
1_XreosFqH,"[""ID20.mp4""]",0,[202.701],"[2,308.25,76.5,67.5,123.75]","{""1"":""2"",""2"":""1""}"
1_LdPm22Xv,"[""ID20.mp4""]",0,[204.681],"[2,249.75,92.25,47.25,74.25]","{""1"":""2"",""2"":""1""}"
1_SbRqL4Q0,"[""ID20.mp4""]",0,[206.181],"[2,263.25,90,40.5,54]","{""1"":""2"",""2"":""1""}"
1_g3lw19zm,"[""ID20.mp4""]",0,"[258.431,260.097]",[],"{""1"":""3""}"
1_MxKP6jYU,"[""ID20.mp4""]",0,[258.826],"[2,76.5,200.25,238.5,114.75]","{""1"":""3"",""2"":""0""}"
1_8jbwRWPa,"[""ID20.mp4""]",0,[259.181],"[2,342,209.25,155.25,72]","{""1"":""3"",""2"":""0""}"
1_XbTFlzC1,"[""ID20.mp4""]",0,[259.556],"[2,477,216,76.5,42.75]","{""1"":""3"",""2"":""0""}"
1_EUtNbewt,"[""ID20.mp4""]",0,"[265.639,267.535]",[],"{""1"":""5""}"
1_nnz0rvSw,"[""ID20.mp4""]",0,[266.076],"[2,202.5,191.25,40.5,54]","{""1"":""5"",""2"":""1""}"
1_kwOX5jCA,"[""ID20.mp4""]",0,[266.535],"[2,202.5,191.25,47.25,81]","{""1"":""5"",""2"":""1""}"
1_wyHEtskr,"[""ID20.mp4""]",0,[266.826],"[2,186.75,180,72,112.5]","{""1"":""5"",""2"":""1""}"
1_Wm42SSJn,"[""ID20.mp4""]",0,"[116.139,144.535]",[],"{""3"":""0""}"
1_NvHkUu5O,"[""ID20.mp4""]",0,"[190.806,213.806]",[],"{""3"":""0""}"
1_27r247dC,"[""ID20.mp4""]",0,"[248.993,274.118]",[],"{""3"":""0""}"
1_4tkppdqL,"[""ID20.mp4""]",0,"[0,23.951]",[],"{""3"":""0""}"
1_l7X5oDLQ,"[""ID20.mp4""]",0,"[24.014,37.201]",[],"{""3"":""1""}"
1_KNXL1vfG,"[""ID20.mp4""]",0,"[37.243,107.368]",[],"{""3"":""0""}"
1_NmMsxUgW,"[""ID20.mp4""]",0,"[107.41,116.076]",[],"{""3"":""1""}"
1_YjuKgGou,"[""ID20.mp4""]",0,"[144.576,152.701]",[],"{""3"":""1""}"
1_gihwPY2q,"[""ID20.mp4""]",0,"[152.764,171.91]",[],"{""3"":""0""}"
1_vdLNmzvX,"[""ID20.mp4""]",0,"[171.972,190.743]",[],"{""3"":""1""}"
1_fvadhWoP,"[""ID20.mp4""]",0,"[213.91,248.931]",[],"{""3"":""1""}"
1_K09Z1Ejm,"[""ID21.mp4""]",0,"[3.222,4.639]",[],"{""1"":""2""}"
1_zcy77Eu7,"[""ID21.mp4""]",0,[3.639],"[2,553.5,148.5,49.5,65.25]","{""1"":""2"",""2"":""1""}"
1_XbhF4Fr7,"[""ID21.mp4""]",0,[3.951],"[2,445.5,162,76.5,74.25]","{""1"":""2"",""2"":""1""}"
1_q3C6A3u7,"[""ID21.mp4""]",0,[4.264],"[2,225,184.5,144,76.5]","{""1"":""2"",""2"":""1""}"
1_4jRgCYxX,"[""ID21.mp4""]",0,"[10.785,13.014]",[],"{""1"":""2""}"
1_j3ubIrNi,"[""ID21.mp4""]",0,[11.222],"[2,288,195.75,51.75,47.25]","{""1"":""2"",""2"":""0""}"
1_VyI8LT9J,"[""ID21.mp4""]",0,[11.826],"[2,256.5,205.872,67.5,46.128]","{""1"":""2"",""2"":""0""}"
1_2InKpFPx,"[""ID21.mp4""]",0,[12.556],"[2,281.25,191.25,168.75,103.5]","{""1"":""2"",""2"":""0""}"
1_BkurXvw6,"[""ID21.mp4""]",0,"[37.285,39.451]",[],"{""1"":""2""}"
1_tRyMX4vk,"[""ID21.mp4""]",0,[37.618],"[2,357.75,222.75,58.5,38.25]","{""1"":""2"",""2"":""0""}"
1_NXxixj8p,"[""ID21.mp4""]",0,[38.326],"[2,339.75,216,87.75,45]","{""1"":""2"",""2"":""0""}"
1_LBkva87K,"[""ID21.mp4""]",0,[38.993],"[2,312.75,218.25,132.75,49.5]","{""1"":""2"",""2"":""0""}"
1_MbbKsHxY,"[""ID21.mp4""]",0,"[77.556,79.389]",[],"{""1"":""6""}"
1_303mBqBu,"[""ID21.mp4""]",0,[78.008],"[2,249.75,177.75,198,74.25]","{""1"":""6"",""2"":""0""}"
1_OqXWXTiu,"[""ID21.mp4""]",0,[78.535],"[2,249.75,177.75,229.5,90]","{""1"":""6"",""2"":""1""}"
1_88AFXECn,"[""ID21.mp4""]",0,[79.035],"[2,290.25,182.25,261,105.75]","{""1"":""6"",""2"":""0""}"
1_1OPh1P7D,"[""ID21.mp4""]",0,"[87.139,88.764]",[],"{""1"":""0""}"
1_ealXlvRu,"[""ID21.mp4""]",0,[87.431],"[2,380.25,186.75,72,47.25]","{""1"":""0"",""2"":""0""}"
1_Qf75YBol,"[""ID21.mp4""]",0,[87.919],"[2,362.25,184.5,78.75,56.25]","{""1"":""0"",""2"":""0""}"
1_siJp27SI,"[""ID21.mp4""]",0,[88.389],"[2,333,184.5,67.5,45]","{""1"":""0"",""2"":""0""}"
1_ogd0Ubn3,"[""ID21.mp4""]",0,"[119.764,121.785]",[],"{""1"":""0""}"
1_ft9xmFaB,"[""ID21.mp4""]",0,[120.097],"[2,429.75,200.25,33.75,29.25]","{""1"":""0"",""2"":""0""}"
1_khUGgth0,"[""ID21.mp4""]",0,[120.535],"[2,427.5,200.25,36,29.25]","{""1"":""0"",""2"":""0""}"
1_d3sKm9F2,"[""ID21.mp4""]",0,[121.493],"[2,396,189,56.25,38.25]","{""1"":""0"",""2"":""0""}"
1_ej7qRE1O,"[""ID21.mp4""]",0,[132.931],"[2,222.75,121.5,38.25,27]","{""1"":""5"",""2"":""0""}"
1_9mztDnST,"[""ID21.mp4""]",0,"[132.451,134.181]",[],"{""1"":""5""}"
1_aXbgqPuX,"[""ID21.mp4""]",0,[133.285],"[2,222.75,105.75,63,56.25]","{""1"":""5"",""2"":""0""}"
1_ztkCacvw,"[""ID21.mp4""]",0,[133.493],"[2,258.75,108,229.5,148.5]","{""1"":""5"",""2"":""0""}"
1_Q0ajONZJ,"[""ID21.mp4""]",0,"[145.576,147.326]",[],"{""1"":""5""}"
1_ZXOF78RS,"[""ID21.mp4""]",0,[145.993],"[2,353.25,40.5,123.75,90]","{""1"":""5"",""2"":""0""}"
1_8qKGUFCm,"[""ID21.mp4""]",0,[146.451],"[2,288,90,148.5,83.25]","{""1"":""5"",""2"":""0""}"
1_Ia1ltyjK,"[""ID21.mp4""]",0,[146.951],"[2,274.5,90,157.5,90]","{""1"":""5"",""2"":""0""}"
1_kKa8thfd,"[""ID21.mp4""]",0,"[150.576,152.868]",[],"{""1"":""3""}"
1_4XItwSvz,"[""ID21.mp4""]",0,[151.056],"[2,423,175.5,74.25,36]","{""1"":""3"",""2"":""0""}"
1_ctYnaQYx,"[""ID21.mp4""]",0,[151.514],"[2,411.75,182.25,108,45]","{""1"":""3"",""2"":""0""}"
1_AzquxUXa,"[""ID21.mp4""]",0,[152.451],"[2,382.5,159.75,225,108]","{""1"":""3"",""2"":""0""}"
1_zgjUzKAl,"[""ID21.mp4""]",0,"[216.806,218.639]",[],"{""1"":""0""}"
1_vjBJtW4S,"[""ID21.mp4""]",0,[217.097],"[2,312.75,171,117,65.25]","{""1"":""0"",""2"":""0""}"
1_lEu42FhF,"[""ID21.mp4""]",0,[217.514],"[2,310.5,171,177.75,76.5]","{""1"":""0"",""2"":""0""}"
1_laF1UOCj,"[""ID21.mp4""]",0,[218.097],"[2,342,132.75,267.75,148.5]","{""1"":""0"",""2"":""0""}"
1_VNVqRSpA,"[""ID21.mp4""]",0,"[235.139,236.764]",[],"{""1"":""5""}"
1_XG0rxd8d,"[""ID21.mp4""]",0,[235.472],"[2,391.5,171,42.75,47.25]","{""1"":""5"",""2"":""0""}"
1_XXcQPxi0,"[""ID21.mp4""]",0,[236.056],"[2,398.25,153,65.25,69.75]","{""1"":""5"",""2"":""0""}"
1_cCFNtbka,"[""ID21.mp4""]",0,[236.431],"[2,396,99,141.75,141.75]","{""1"":""5"",""2"":""0""}"
1_7mZCUj17,"[""ID21.mp4""]",0,[286.728],"[2,249.75,173.25,105.75,87.75]","{""1"":""6"",""2"":""0""}"
1_pCkMwWWl,"[""ID21.mp4""]",0,"[286.16,289.868]",[],"{""1"":""6""}"
1_5YOezY1E,"[""ID21.mp4""]",0,[288.462],"[2,252,146.25,117,121.5]","{""1"":""6"",""2"":""0""}"
1_kq2KUtyU,"[""ID21.mp4""]",0,[289.203],"[2,218.25,119.25,155.25,155.25]","{""1"":""6"",""2"":""0""}"
1_IKJB6d4R,"[""ID21.mp4""]",0,"[72.285,82.16]",[],"{""3"":""1""}"
1_Xhj8K73b,"[""ID21.mp4""]",0,"[82.243,148.722]",[],"{""3"":""0""}"
1_xGCzcjLy,"[""ID21.mp4""]",0,"[148.826,165.597]",[],"{""3"":""1""}"
1_CX6vMbXL,"[""ID21.mp4""]",0,"[275.097,299.493]",[],"{""3"":""0""}"
1_0st8kNhX,"[""ID21.mp4""]",0,"[0,14.389]",[],"{""3"":""1""}"
1_XsdMXpS3,"[""ID21.mp4""]",0,"[14.389,72.264]",[],"{""3"":""0""}"
1_41n33ixh,"[""ID21.mp4""]",0,"[165.701,262.701]",[],"{""3"":""0""}"
1_hYeyFp0z,"[""ID21.mp4""]",0,"[262.785,275.035]",[],"{""3"":""1""}"
